{
  "data": {
    "id": 0,
    "applicantCaseName": "John Smith",
    "applicants": [
      {
        "id": "97e25c77-f915-4b4e-8436-89a0d1678813",
        "value": {
          "firstName": "Peter",
          "lastName": "Lowe",
          "previousName": null,
          "dateOfBirth": "1989-11-30",
          "isDateOfBirthUnknown": null,
          "gender": "Male",
          "otherGender": null,
          "placeOfBirth": "London",
          "address": {
            "AddressLine1": "Ministry Of Justice",
            "AddressLine2": "Seventh Floor 102 Petty France",
            "AddressLine3": "",
            "PostTown": "",
            "County": "",
            "Country": "",
            "PostCode": "W9 3HE"
          },
          "isAddressUnknown": null,
          "isAddressConfidential": "No",
          "isAtAddressLessThan5Years": "No",
          "addressLivedLessThan5YearsDetails": null,
          "canYouProvideEmailAddress": "No",
          "email": null,
          "isEmailAddressConfidential": null,
          "landline": null,
          "phoneNumber": "4635635636",
          "isPhoneNumberConfidential": "No",
          "relationshipToChildren": null,
          "isDateOfBirthKnown": null,
          "isCurrentAddressKnown": null,
          "canYouProvidePhoneNumber": null,
          "isPlaceOfBirthKnown": null,
          "otherPersonRelationshipToChildren": null,
          "solicitorOrg": {},
          "solicitorAddress": {
            "AddressLine1": null,
            "AddressLine2": null,
            "AddressLine3": null,
            "PostTown": null,
            "County": null,
            "Country": null,
            "PostCode": null
          },
          "dxNumber": null,
          "solicitorReference": null,
          "representativeFirstName": null,
          "representativeLastName": null,
          "isAtAddressLessThan5YearsWithDontKnow": null,
          "doTheyHaveLegalRepresentation": null,
          "sendSignUpLink": null,
          "solicitorEmail": null
        }
      }
    ],
    "children": [
      {
        "id": "f5fa0db3-502d-459f-9a7a-7bb7be08ce6b",
        "value": {
          "firstName": "Test",
          "lastName": "Child",
          "dateOfBirth": "2000-10-10",
          "isDateOfBirthUnknown": null,
          "gender": "Male",
          "otherGender": null,
          "orderAppliedFor": [
            "Child Arrangements Order"
          ],
          "applicantsRelationshipToChild": "Grandparent",
          "otherApplicantsRelationshipToChild": null,
          "respondentsRelationshipToChild": "Mother",
          "otherRespondentsRelationshipToChild": null,
          "childLiveWith": [
            "Another person not listed",
            "Respondent",
            "Applicant"
          ],
          "childrenKnownToLocalAuthority": null,
          "childrenKnownToLocalAuthorityTextArea": null,
          "childrenSubjectOfChildProtectionPlan": null,
          "personWhoLivesWithChild": null,
          "address": {
            "AddressLine1": "reqwrew",
            "AddressLine2": null,
            "AddressLine3": null,
            "PostTown": null,
            "County": null,
            "Country": null,
            "PostCode": "EN1 2NG"
          },
          "isChildAddressConfidential": "No",
          "childUnsupervisedTime": "No",
          "childContactFromOtherRecipients": "No",
          "relationshipToApplicant": null,
          "relationshipToRespondent": null,
          "parentalResponsibilityDetails": null
        }
      }
    ],
    "respondents": [
      {
        "id": "29959b30-f49e-483b-a963-d53a88a93209",
        "value": {
          "firstName": "Bridie",
          "lastName": "Lowe",
          "previousName": null,
          "dateOfBirth": null,
          "isDateOfBirthUnknown": null,
          "gender": "Female",
          "otherGender": null,
          "placeOfBirth": null,
          "address": {
            "AddressLine1": "Ministry Of Justice",
            "AddressLine2": "Seventh Floor 102 Petty France",
            "AddressLine3": "",
            "PostTown": "London",
            "County": "",
            "Country": "",
            "PostCode": "N14 5AL"
          },
          "isAddressUnknown": null,
          "isAddressConfidential": null,
          "isAtAddressLessThan5Years": null,
          "addressLivedLessThan5YearsDetails": null,
          "canYouProvideEmailAddress": "No",
          "email": null,
          "isEmailAddressConfidential": null,
          "landline": null,
          "phoneNumber": null,
          "isPhoneNumberConfidential": null,
          "relationshipToChildren": null,
          "isDateOfBirthKnown": "No",
          "isCurrentAddressKnown": "Yes",
          "canYouProvidePhoneNumber": "No",
          "isPlaceOfBirthKnown": "No",
          "otherPersonRelationshipToChildren": null,
          "solicitorOrg": {},
          "solicitorAddress": {
            "AddressLine1": null,
            "AddressLine2": null,
            "AddressLine3": null,
            "PostTown": null,
            "County": null,
            "Country": null,
            "PostCode": null
          },
          "dxNumber": null,
          "solicitorReference": null,
          "representativeFirstName": null,
          "representativeLastName": null,
          "isAtAddressLessThan5YearsWithDontKnow": "Don't know",
          "doTheyHaveLegalRepresentation": "No",
          "sendSignUpLink": null,
          "solicitorEmail": null
        }
      }
    ],
    "courtName": "Central Family Court",
    "courtId": "central-family-court"
  },
  "errors": null,
  "warnings": null,
  "state": null
}
