{
  "case_details": {
    "callback_response_status": "string",
    "case_data": {
      "id": "1648728532100635",
      "children": [
        {
          "id": "ea726437-e8d0-4b09-8f99-d0979b81296e",
          "value": {
            "gender": "female",
            "lastName": "manchella",
            "firstName": "sairam",
            "dateOfBirth": "1212-11-11",
            "otherGender": null,
            "childLiveWith": [
              "applicant"
            ],
            "orderAppliedFor": [
              "childArrangementsOrder"
            ],
            "isDateOfBirthUnknown": null,
            "personWhoLivesWithChild": [

            ],
            "relationshipToApplicant": null,
            "relationshipToRespondent": null,
            "applicantsRelationshipToChild": "father",
            "parentalResponsibilityDetails": "asdf",
            "respondentsRelationshipToChild": "mother",
            "otherApplicantsRelationshipToChild": null,
            "otherRespondentsRelationshipToChild": null
          }
        }
      ],
      "miamTable": {
        "soleTraderName": null,
        "familyMediatorMiam": "No",
        "applicantAttendedMiam": "No",
        "claimingExemptionMiam": "Yes",
        "familyMediatorServiceName": null,
        "mediatorRegistrationNumber": null
      },
      "applicants": [
        {
          "id": "5080a550-b13e-4786-8329-fe7813bff7e5",
          "value": {
            "email": null,
            "gender": "female",
            "address": {
              "County": "",
              "Country": "",
              "PostCode": "le2 1yh",
              "PostTown": "test",
              "AddressLine1": "17 Lorne Road",
              "AddressLine2": "",
              "AddressLine3": ""
            },
            "dxNumber": "12123",
            "landline": null,
            "lastName": "Manchella",
            "firstName": "Sairam",
            "dateOfBirth": "1111-11-11",
            "otherGender": null,
            "phoneNumber": "01234567891",
            "placeOfBirth": "test",
            "previousName": null,
            "solicitorOrg": {
              "OrganisationID": "79ZRSOU",
              "OrganisationName": "Civil - Organisation 2"
            },
            "sendSignUpLink": null,
            "solicitorEmail": "soli@gmail.com",
            "isAddressUnknown": null,
            "solicitorAddress": {
              "County": null,
              "Country": null,
              "PostCode": null,
              "PostTown": null,
              "AddressLine1": null,
              "AddressLine2": null,
              "AddressLine3": null
            },
            "isDateOfBirthKnown": null,
            "solicitorReference": "007",
            "solicitorTelephone": null,
            "isPlaceOfBirthKnown": null,
            "isDateOfBirthUnknown": null,
            "isAddressConfidential": "No",
            "isCurrentAddressKnown": null,
            "relationshipToChildren": null,
            "representativeLastName": "Manchella",
            "representativeFirstName": "Sairam",
            "canYouProvidePhoneNumber": null,
            "canYouProvideEmailAddress": "No",
            "isAtAddressLessThan5Years": "No",
            "isPhoneNumberConfidential": "No",
            "isEmailAddressConfidential": null,
            "respondentLivedWithApplicant": null,
            "doTheyHaveLegalRepresentation": null,
            "addressLivedLessThan5YearsDetails": null,
            "otherPersonRelationshipToChildren": [

            ],
            "isAtAddressLessThan5YearsWithDontKnow": null
          }
        }
      ],
      "caseStatus": {
        "state": "Draft"
      },
      "welshNeeds": [
        {
          "id": "a99dc577-6f37-406f-8df9-fa335963f51c",
          "value": {
            "whoNeedsWelsh": "George Bush",
            "spokenOrWritten": [
              "spoken",
              "written"
            ],
            "fl401SpokenOrWritten": [

            ]
          }
        }
      ],
      "respondents": [
        {
          "id": "e3ceb507-0137-43a9-8bd3-85dd23720648",
          "value": {
            "email": null,
            "gender": "male",
            "address": {
              "County": null,
              "Country": null,
              "PostCode": null,
              "PostTown": null,
              "AddressLine1": null,
              "AddressLine2": null,
              "AddressLine3": null
            },
            "dxNumber": null,
            "landline": null,
            "lastName": "Manchella",
            "firstName": "Sairam",
            "dateOfBirth": null,
            "otherGender": null,
            "phoneNumber": null,
            "placeOfBirth": null,
            "previousName": null,
            "solicitorOrg": {
              "OrganisationID": null,
              "OrganisationName": null
            },
            "sendSignUpLink": null,
            "solicitorEmail": null,
            "isAddressUnknown": null,
            "solicitorAddress": {
              "County": null,
              "Country": null,
              "PostCode": null,
              "PostTown": null,
              "AddressLine1": null,
              "AddressLine2": null,
              "AddressLine3": null
            },
            "isDateOfBirthKnown": "No",
            "solicitorReference": null,
            "solicitorTelephone": null,
            "isPlaceOfBirthKnown": "No",
            "isDateOfBirthUnknown": null,
            "isAddressConfidential": null,
            "isCurrentAddressKnown": "No",
            "relationshipToChildren": null,
            "representativeLastName": null,
            "representativeFirstName": null,
            "canYouProvidePhoneNumber": "No",
            "canYouProvideEmailAddress": "No",
            "isAtAddressLessThan5Years": null,
            "isPhoneNumberConfidential": null,
            "isEmailAddressConfidential": null,
            "respondentLivedWithApplicant": null,
            "doTheyHaveLegalRepresentation": "no",
            "addressLivedLessThan5YearsDetails": null,
            "otherPersonRelationshipToChildren": [

            ],
            "isAtAddressLessThan5YearsWithDontKnow": "no"
          }
        }
      ],
      "consentOrder": "Yes",
      "isCaseUrgent": "No",
      "isWelshNeeded": "Yes",
      "natureOfOrder": "asdf",
      "applicantTable": [
        {
          "id": "f20833e9-f2c7-48ae-818b-254b4c7067ed",
          "value": {
            "email": null,
            "gender": "female",
            "address": {
              "County": "",
              "Country": "",
              "PostCode": "le2 1yh",
              "PostTown": "test",
              "AddressLine1": "17 Lorne Road",
              "AddressLine2": "",
              "AddressLine3": ""
            },
            "dxNumber": "12123",
            "lastName": "Manchella",
            "firstName": "Sairam",
            "dateOfBirth": "1111-11-11",
            "otherGender": null,
            "phoneNumber": "01234567891",
            "placeOfBirth": "test",
            "previousName": null,
            "solicitorOrg": {
              "OrganisationID": "79ZRSOU",
              "OrganisationName": "Civil - Organisation 2"
            },
            "solicitorEmail": "soli@gmail.com",
            "solicitorReference": "007",
            "isAddressConfidential": "No",
            "representativeLastName": "Manchella",
            "representativeFirstName": "Sairam",
            "canYouProvideEmailAddress": "No",
            "isAtAddressLessThan5Years": "No",
            "isPhoneNumberConfidential": "No",
            "isEmailAddressConfidential": null,
            "addressLivedLessThan5YearsDetails": null
          }
        }
      ],
      "othersToNotify": [
        {
          "id": "6e5de113-bd5b-496e-b4a5-266604a44921",
          "value": {
            "email": null,
            "gender": "male",
            "address": {
              "County": null,
              "Country": null,
              "PostCode": null,
              "PostTown": null,
              "AddressLine1": null,
              "AddressLine2": null,
              "AddressLine3": null
            },
            "dxNumber": null,
            "landline": null,
            "lastName": "Doe",
            "firstName": "John",
            "dateOfBirth": null,
            "otherGender": null,
            "phoneNumber": null,
            "placeOfBirth": null,
            "previousName": null,
            "solicitorOrg": {
              "OrganisationID": null,
              "OrganisationName": null
            },
            "sendSignUpLink": null,
            "solicitorEmail": null,
            "isAddressUnknown": null,
            "solicitorAddress": {
              "County": null,
              "Country": null,
              "PostCode": null,
              "PostTown": null,
              "AddressLine1": null,
              "AddressLine2": null,
              "AddressLine3": null
            },
            "isDateOfBirthKnown": "No",
            "solicitorReference": null,
            "solicitorTelephone": null,
            "isPlaceOfBirthKnown": "No",
            "isDateOfBirthUnknown": null,
            "isAddressConfidential": null,
            "isCurrentAddressKnown": "No",
            "relationshipToChildren": null,
            "representativeLastName": null,
            "representativeFirstName": null,
            "canYouProvidePhoneNumber": "No",
            "canYouProvideEmailAddress": "No",
            "isAtAddressLessThan5Years": null,
            "isPhoneNumberConfidential": null,
            "isEmailAddressConfidential": null,
            "respondentLivedWithApplicant": null,
            "doTheyHaveLegalRepresentation": null,
            "addressLivedLessThan5YearsDetails": null,
            "otherPersonRelationshipToChildren": [
              {
                "id": "7e9b5855-43c2-4d18-b44b-75b0a54a8b7b",
                "value": {
                  "personRelationshipToChild": "neice"
                }
              }
            ],
            "isAtAddressLessThan5YearsWithDontKnow": null
          }
        }
      ],
      "urgencyDetails": {
        "urgencyStatus": "Not urgent"
      },
      "respondentTable": [
        {
          "id": "52deb14b-8797-456c-92d2-db7f91463542",
          "value": {
            "email": null,
            "gender": "male",
            "address": {
              "County": null,
              "Country": null,
              "PostCode": null,
              "PostTown": null,
              "AddressLine1": null,
              "AddressLine2": null,
              "AddressLine3": null
            },
            "dxNumber": null,
            "lastName": "Manchella",
            "firstName": "Sairam",
            "dateOfBirth": null,
            "otherGender": null,
            "phoneNumber": null,
            "placeOfBirth": null,
            "previousName": null,
            "solicitorOrg": {

            },
            "solicitorEmail": null,
            "solicitorReference": null,
            "isPlaceOfBirthKnown": "No",
            "isCurrentAddressKnown": "No",
            "representativeLastName": null,
            "representativeFirstName": null,
            "canYouProvidePhoneNumber": "No",
            "canYouProvideEmailAddress": "No",
            "doTheyHaveLegalRepresentation": "no",
            "addressLivedLessThan5YearsDetails": null,
            "isAtAddressLessThan5YearsWithDontKnow": "no"
          }
        }
      ],
      "allegationOfHarm": {
        "typesOfHarm": "No Allegations of harm"
      },
      "dateOfSubmission": {
        "dateOfSubmission": " "
      },
      "declarationTable": {
        "agreedBy": null,
        "declarationText": "I understand that proceedings for contempt of court may be brought against anyone who makes, or causes to be made, a false statement in a document verified by a statement of truth without an honest belief in its truth. The applicant believes that the facts stated in this form and any continuation sheets are true. null is authorised by the applicant to sign this statement."
      },
      "interpreterNeeds": [
        {
          "id": "bb0eb5db-1b01-483d-941a-c0795bc075bb",
          "value": {
            "name": "grandmother",
            "party": [
              "applicant"
            ],
            "language": "ko",
            "otherAssistance": "Sign language"
          }
        }
      ],
      "applicantCaseName": "John Smith",
      "childDetailsTable": [
        {
          "id": "96e21d87-e2a9-43a1-9868-abab58f46649",
          "value": {
            "gender": "female",
            "lastName": "manchella",
            "firstName": "sairam",
            "dateOfBirth": "1212-11-11",
            "otherGender": null,
            "childLiveWith": "Applicant",
            "orderAppliedFor": "Child Arrangements Order",
            "personWhoLivesWithChild": [

            ],
            "applicantsRelationshipToChild": "Father",
            "parentalResponsibilityDetails": "asdf",
            "respondentsRelationshipToChild": "Mother",
            "otherApplicantsRelationshipToChild": null,
            "otherRespondentsRelationshipToChild": null
          }
        }
      ],
      "jurisdictionIssue": "No",
      "ordersApplyingFor": [
        "prohibitedStepsOrder"
      ],
      "applicationDetails": "asdf",
      "familyMediatorMiam": "No",
      "setOutReasonsBelow": null,
      "specialArrangement": {
        "areAnySpecialArrangements": "No"
      },
      "adjustmentsRequired": null,
      "confidentialDetails": {
        "isConfidentialDetailsAvailable": "No"
      },
      "existingProceedings": [

      ],
      "hearingUrgencyTable": {
        "isCaseUrgent": "No",
        "setOutReasonsBelow": null,
        "caseUrgencyTimeAndReason": null,
        "effortsMadeWithRespondents": null,
        "doYouNeedAWithoutNoticeHearing": "No",
        "areRespondentsAwareOfProceedings": "No",
        "reasonsForApplicationWithoutNotice": null,
        "doYouRequireAHearingWithReducedNotice": "No"
      },
      "isDisabilityPresent": "No",
      "isInterpreterNeeded": "Yes",
      "miamExemptionsTable": {
        "urgencyEvidence": "",
        "otherGroundsEvidence": "The applicant is bankrupt evidenced by an application by the prospective applicant for a bankruptcy order;",
        "childProtectionEvidence": "",
        "reasonsForMiamExemption": "Other",
        "domesticViolenceEvidence": "",
        "previousAttendenceEvidence": ""
      },
      "isIntermediaryNeeded": "No",
      "allocatedJudgeDetails": {
        "lastName": " ",
        "courtName": " ",
        "judgeTitle": " ",
        "emailAddress": " "
      },
      "applicantAttendedMiam": "No",
      "caseTypeOfApplication": "C100",
      "claimingExemptionMiam": "Yes",
      "draftConsentOrderFile": {
        "document_url": "http://dm-store:8080/documents/6bb61ec7-df31-4c14-b11d-48379307aa8c",
        "document_filename": "C100-Final-Document.docx",
        "document_binary_url": "http://dm-store:8080/documents/6bb61ec7-df31-4c14-b11d-48379307aa8c/binary"
      },
      "otherProceedingsTable": {
        "previousOrOngoingProceedings": "No"
      },
      "allegationsOfHarmYesNo": "No",
      "childDetailsExtraTable": {
        "childrenKnownToLocalAuthority": "No",
        "childrenSubjectOfChildProtectionPlan": "No"
      },
      "reasonsForIntermediary": null,
      "typeOfApplicationTable": {
        "natureOfOrder": "asdf",
        "ordersApplyingFor": "Prohibited Steps Order",
        "typeOfChildArrangementsOrder": ""
      },
      "litigationCapacityTable": {
        "litigationCapacityFactors": "Give details of any factors affecting litigation capacity (Optional)",
        "litigationCapacityReferrals": "Provide details of any referral to or assessment by the Adult Learning Disability team, and/or any adult health service, where known, together with the outcome (Optional)",
        "litigationCapacityOtherFactors": "Yes",
        "litigationCapacityOtherFactorsDetails": "*Give Details (Optional)"
      },
      "miamExemptionsChecklist": [
        "other"
      ],
      "attendingTheHearingTable": {
        "isWelshNeeded": "Yes",
        "adjustmentsRequired": null,
        "isDisabilityPresent": "No",
        "isInterpreterNeeded": "Yes",
        "isIntermediaryNeeded": "No",
        "reasonsForIntermediary": null,
        "specialArrangementsRequired": null,
        "isSpecialArrangementsRequired": "No"
      },
      "caseUrgencyTimeAndReason": null,
      "welshLanguageRequirement": "Yes",
      "internationalElementTable": {
        "jurisdictionIssue": "No",
        "requestToForeignAuthority": "No",
        "habitualResidentInOtherState": "No",
        "requestToForeignAuthorityGiveReason": null,
        "habitualResidentInOtherStateGiveReason": null
      },
      "litigationCapacityFactors": "Give details of any factors affecting litigation capacity (Optional)",
      "miamOtherGroundsChecklist": "miamOtherGroundsChecklistEnum_Value_1",
      "otherPeopleInTheCaseTable": [
        {
          "id": "6e25ffa9-0db4-4c6e-8b5a-5c38acdb7f19",
          "value": {
            "email": null,
            "gender": "male",
            "address": {
              "County": null,
              "Country": null,
              "PostCode": null,
              "PostTown": null,
              "AddressLine1": null,
              "AddressLine2": null,
              "AddressLine3": null
            },
            "lastName": "Doe",
            "firstName": "John",
            "dateOfBirth": null,
            "otherGender": null,
            "phoneNumber": null,
            "placeOfBirth": null,
            "previousName": null,
            "isDateOfBirthKnown": "No",
            "isPlaceOfBirthKnown": "No",
            "relationshipToChild": [
              {
                "id": "7e9b5855-43c2-4d18-b44b-75b0a54a8b7b",
                "value": {
                  "personRelationshipToChild": "neice"
                }
              }
            ],
            "isCurrentAddressKnown": "No",
            "canYouProvidePhoneNumber": "No",
            "canYouProvideEmailAddress": "No"
          }
        }
      ],
      "otherProceedingEmptyTable": {
        "otherProceedingEmptyField": " "
      },
      "requestToForeignAuthority": "No",
      "effortsMadeWithRespondents": null,
      "jurisdictionIssueGiveReason": null,
      "litigationCapacityReferrals": "Provide details of any referral to or assessment by the Adult Learning Disability team, and/or any adult health service, where known, together with the outcome (Optional)",
      "specialArrangementsRequired": null,
      "allegationsOfHarmOrdersTable": {
        "occupationOrder": {

        },
        "ordersOccupation": null,
        "restrainingOrder": {

        },
        "ordersRestraining": null,
        "nonMolestationOrder": {

        },
        "ordersNonMolestation": null,
        "otherInjunctiveOrder": {

        },
        "ordersOtherInjunctive": null,
        "undertakingInPlaceOrder": {

        },
        "ordersUndertakingInPlace": null,
        "forcedMarriageProtectionOrder": {

        },
        "ordersForcedMarriageProtection": null
      },
      "habitualResidentInOtherState": "No",
      "otherProceedingsDetailsTable": [
        {
          "id": "d9419665-e40f-42f5-b190-a1a6bc72673a",
          "value": {
            "dateEnded": null,
            "caseNumber": null,
            "dateStarted": null,
            "nameOfCourt": null,
            "nameOfJudge": null,
            "typeOfOrder": null,
            "nameAndOffice": null,
            "nameOfGuardian": null,
            "otherTypeOfOrder": null,
            "nameOfChildrenInvolved": null,
            "previousOrOngoingProceedings": null
          }
        }
      ],
      "summaryTabForOrderAppliedFor": {
        "ordersApplyingFor": "Prohibited Steps Order",
        "typeOfChildArrangementsOrder": ""
      },
      "typeOfChildArrangementsOrder": null,
      "applicationPermissionRequired": "noNotRequired",
      "childrenKnownToLocalAuthority": "no",
      "isSpecialArrangementsRequired": "No",
      "otherProceedingsForSummaryTab": [
        {
          "id": "b256f9f8-7fce-4754-b9c0-1f0e6ea2fe94",
          "value": {
            "caseNumber": null,
            "nameOfCourt": null,
            "typeOfOrder": null
          }
        }
      ],
      "allegationsOfHarmOverviewTable": {
        "allegationsOfHarmYesNo": "No",
        "allegationsOfHarmChildAbuseYesNo": null,
        "allegationsOfHarmDomesticAbuseYesNo": null,
        "allegationsOfHarmOtherConcernsYesNo": null,
        "allegationsOfHarmChildAbductionYesNo": null,
        "allegationsOfHarmSubstanceAbuseYesNo": null
      },
      "doYouNeedAWithoutNoticeHearing": "No",
      "litigationCapacityOtherFactors": "Yes",
      "welshLanguageRequirementsTable": {
        "welshLanguageRequirement": "Yes",
        "welshLanguageRequirementApplication": "english",
        "languageRequirementApplicationNeedWelsh": "Yes",
        "welshLanguageRequirementApplicationNeedEnglish": null
      },
      "miamPreviousAttendanceChecklist": null,
      "areRespondentsAwareOfProceedings": "No",
      "reasonsForApplicationWithoutNotice": null,
      "allegationsOfHarmDomesticAbuseTable": {
        "sexualAbuseVictim": "",
        "physicalAbuseVictim": "",
        "emotionalAbuseVictim": "",
        "financialAbuseVictim": "",
        "psychologicalAbuseVictim": ""
      },
      "allegationsOfHarmOtherConcernsTable": {
        "agreeChildOtherContact": null,
        "agreeChildSupervisedTime": null,
        "agreeChildUnsupervisedTime": null,
        "allegationsOfHarmOtherConcerns": null,
        "allegationsOfHarmOtherConcernsDetails": null,
        "allegationsOfHarmOtherConcernsCourtActions": null
      },
      "applicationPermissionRequiredReason": null,
      "requestToForeignAuthorityGiveReason": null,
      "welshLanguageRequirementApplication": "english",
      "allegationsOfHarmChildAbductionTable": {
        "childrenLocationNow": null,
        "previousAbductionThreats": null,
        "childAtRiskOfAbductionReason": null,
        "abductionPassportOfficeNotified": null,
        "previousAbductionThreatsDetails": null,
        "abductionPreviousPoliceInvolvement": null,
        "abductionPreviousPoliceInvolvementDetails": null
      },
      "childrenSubjectOfChildProtectionPlan": "no",
      "childrenKnownToLocalAuthorityTextArea": null,
      "doYouRequireAHearingWithReducedNotice": "No",
      "litigationCapacityOtherFactorsDetails": "*Give Details (Optional)",
      "c100ConfidentialityStatementDisclaimer": [
        "confidentialityStatementUnderstood"
      ],
      "habitualResidentInOtherStateGiveReason": null,
      "languageRequirementApplicationNeedWelsh": "Yes",
      "previousOrOngoingProceedingsForChildren": "no",
      "welshLanguageRequirementApplicationNeedEnglish": null

    },
    "case_type_id": "string",
    "created_date": "2022-03-15T15:02:33.880Z",
    "id": 0,
    "jurisdiction": "string",
    "last_modified": "2022-03-15T15:02:33.880Z",
    "locked_by_user_id": 0,
    "security_classification": "PRIVATE",
    "security_level": 0,
    "state": "string"
  },
  "case_details_before": {
    "callback_response_status": "string",
    "case_data": {},
    "case_type_id": "string",
    "created_date": "2022-03-15T15:02:33.880Z",
    "id": 0,
    "jurisdiction": "string",
    "last_modified": "2022-03-15T15:02:33.880Z",
    "locked_by_user_id": 0,
    "security_classification": "PRIVATE",
    "security_level": 0,
    "state": "string"
  },
  "event_id": "string"
}
