{
  "hearingUpdate" : {
    "hearingResponseReceivedDateTime" : null,
    "hearingEventBroadcastDateTime" : null,
    "hearingListingStatus" : "LISTED",
    "nextHearingDate" : null,
    "hearingVenueId" : null,
    "hearingVenueName" : null,
    "hearingVenueAddress" : null,
    "hearingVenueLocationCode" : null,
    "courtTypeId" : null,
    "hearingJudgeId" : null,
    "hearingRoomId" : null,
    "hmcStatus" : "LISTED",
    "listAssistCaseStatus" : null
  },
  "nextHearingDateRequest" : {
    "nextHearingDetails" : null,
    "caseRef" : null
  },
  "hmctsServiceCode" : "ABA5",
  "caseRef" : "12345678",
  "hearingId" : "999999"
}
