{
  "case_details": {
    "callback_response_status": "string",
    "case_data": {
      "caseTypeOfApplication": "FL401",
      "applicantOrRespondentCaseName": "fl401 test name",
      "applicantsFL401": {
        "email": "soli@gmail.com",
        "gender": "male",
        "address": {
          "County": "",
          "Country": "",
          "PostCode": "le2 1yh",
          "PostTown": "Leicester",
          "AddressLine1": "17 Lorne Road",
          "AddressLine2": "",
          "AddressLine3": ""
        },
        "dxNumber": "1234455",
        "landline": null,
        "lastName": "Manchella",
        "firstName": "Sairam",
        "dateOfBirth": "1111-11-11",
        "otherGender": null,
        "phoneNumber": "01234567891",
        "placeOfBirth": null,
        "previousName": null,
        "solicitorOrg": {
          "OrganisationID": "Q1KOKP2",
          "OrganisationName": "Civil - Organisation 1"
        },
        "sendSignUpLink": null,
        "solicitorEmail": "soli@gmail.com",
        "isAddressUnknown": null,
        "solicitorAddress": {
          "County": null,
          "Country": null,
          "PostCode": null,
          "PostTown": null,
          "AddressLine1": null,
          "AddressLine2": null,
          "AddressLine3": null
        },
        "isDateOfBirthKnown": null,
        "solicitorReference": "007",
        "solicitorTelephone": "01234567891",
        "isPlaceOfBirthKnown": null,
        "isDateOfBirthUnknown": null,
        "isAddressConfidential": "No",
        "isCurrentAddressKnown": null,
        "relationshipToChildren": null,
        "representativeLastName": "Doe",
        "representativeFirstName": "John",
        "canYouProvidePhoneNumber": null,
        "canYouProvideEmailAddress": "Yes",
        "isAtAddressLessThan5Years": null,
        "isPhoneNumberConfidential": "No",
        "isEmailAddressConfidential": "No",
        "respondentLivedWithApplicant": null,
        "doTheyHaveLegalRepresentation": null,
        "addressLivedLessThan5YearsDetails": null
      },
      "withDrawApplicationData": {
        "withDrawApplication": "Yes",
        "withDrawApplicationReason": "Test"
      }
    },
    "case_type_id": "string",
    "created_date": "2022-03-15T15:02:33.880Z",
    "id": "1701870369166430",
    "jurisdiction": "string",
    "last_modified": "2022-03-15T15:02:33.880Z",
    "locked_by_user_id": 0,
    "security_classification": "PRIVATE",
    "security_level": 0,
    "state": "string"
  },
  "case_details_before": {
    "callback_response_status": "string",
    "case_data": {},
    "case_type_id": "string",
    "created_date": "2022-03-15T15:02:33.880Z",
    "id": 0,
    "jurisdiction": "string",
    "last_modified": "2022-03-15T15:02:33.880Z",
    "locked_by_user_id": 0,
    "security_classification": "PRIVATE",
    "security_level": 0,
    "state": "string"
  },
  "event_id": "string"
}
