{
  "case_details": {
    "callback_response_status": "string",
    "case_data": {
      "caseTypeOfApplication": "FL401",
      "applicantOrRespondentCaseName": "thisIsATestName",
      "applicantsFL401": {
        "firstName": "test",
        "lastName": "data",
        "previousName": null,
        "dateOfBirth": "1989-11-30",
        "isDateOfBirthUnknown": null,
        "gender": "male",
        "otherGender": null,
        "placeOfBirth": "London",
        "address": {
          "AddressLine1": "Ministry Of Justice",
          "AddressLine2": "Seventh Floor 102 Petty France",
          "AddressLine3": "",
          "PostTown": "",
          "County": "",
          "Country": "",
          "PostCode": "RH117RQ"
        },
        "isAddressUnknown": null,
        "isAddressConfidential": "No",
        "isAtAddressLessThan5Years": "No",
        "addressLivedLessThan5YearsDetails": null,
        "canYouProvideEmailAddress": "Yes",
        "email": "applicant@test.com",
        "isEmailAddressConfidential": "No",
        "landline": null,
        "phoneNumber": "4635635636",
        "isPhoneNumberConfidential": "No",
        "relationshipToChildren": null,
        "isDateOfBirthKnown": null,
        "isCurrentAddressKnown": null,
        "canYouProvidePhoneNumber": null,
        "isPlaceOfBirthKnown": null,
        "solicitorOrg": {},
        "solicitorAddress": {
          "AddressLine1": null,
          "AddressLine2": null,
          "AddressLine3": null,
          "PostTown": null,
          "County": null,
          "Country": null,
          "PostCode": null
        },
        "dxNumber": null,
        "solicitorReference": null,
        "representativeFirstName": null,
        "representativeLastName": null,
        "isAtAddressLessThan5YearsWithDontKnow": null,
        "doTheyHaveLegalRepresentation": null,
        "sendSignUpLink": null,
        "solicitorEmail": null
      }
    },
    "case_type_id": "string",
    "created_date": "2022-03-15T15:02:33.880Z",
    "id": "1701870369166430",
    "jurisdiction": "string",
    "last_modified": "2022-03-15T15:02:33.880Z",
    "locked_by_user_id": 0,
    "security_classification": "PRIVATE",
    "security_level": 0,
    "state": "string"
  },
  "case_details_before": {
    "callback_response_status": "string",
    "case_data": {},
    "case_type_id": "string",
    "created_date": "2022-03-15T15:02:33.880Z",
    "id": 0,
    "jurisdiction": "string",
    "last_modified": "2022-03-15T15:02:33.880Z",
    "locked_by_user_id": 0,
    "security_classification": "PRIVATE",
    "security_level": 0,
    "state": "string"
  },
  "event_id": "string"
}
