{
  "case_details": {
    "state": "AWAITING_SUBMISSION_TO_HMCTS",
    "id": "1705065178030549",
    "case_data": {
      "id": 1705065178030549,
      "applicantCaseName": "John Smith",
      "caseTypeOfApplication": "FL401",
      "applicants": [
        {
          "id": "97e25c77-f915-4b4e-8436-89a0d1678813",
          "value": {
            "firstName": "test",
            "lastName": "data",
            "previousName": null,
            "dateOfBirth": "1989-11-30",
            "isDateOfBirthUnknown": null,
            "gender": "male",
            "otherGender": null,
            "placeOfBirth": "London",
            "address": {
              "AddressLine1": "Ministry Of Justice",
              "AddressLine2": "Seventh Floor 102 Petty France",
              "AddressLine3": "",
              "PostTown": "",
              "County": "",
              "Country": "",
              "PostCode": "RH117RQ"
            },
            "isAddressUnknown": null,
            "isAddressConfidential": "No",
            "isAtAddressLessThan5Years": "No",
            "addressLivedLessThan5YearsDetails": null,
            "canYouProvideEmailAddress": "No",
            "email": null,
            "isEmailAddressConfidential": null,
            "landline": null,
            "phoneNumber": "4635635636",
            "isPhoneNumberConfidential": "No",
            "relationshipToChildren": null,
            "isDateOfBirthKnown": null,
            "isCurrentAddressKnown": null,
            "canYouProvidePhoneNumber": null,
            "isPlaceOfBirthKnown": null,
            "solicitorOrg": {},
            "solicitorAddress": {
              "AddressLine1": null,
              "AddressLine2": null,
              "AddressLine3": null,
              "PostTown": null,
              "County": null,
              "Country": null,
              "PostCode": null
            },
            "dxNumber": null,
            "solicitorReference": null,
            "representativeFirstName": "test",
            "representativeLastName": "data",
            "isAtAddressLessThan5YearsWithDontKnow": null,
            "doTheyHaveLegalRepresentation": null,
            "sendSignUpLink": null,
            "solicitorEmail": "test@test.com"
          }
        }
      ],
      "applicantsFL401":
      {
        "firstName": "test",
        "lastName": "data",
        "previousName": null,
        "dateOfBirth": "1989-11-30",
        "isDateOfBirthUnknown": null,
        "gender": "male",
        "otherGender": null,
        "placeOfBirth": "London",
        "address": {
          "AddressLine1": "Ministry Of Justice",
          "AddressLine2": "Seventh Floor 102 Petty France",
          "AddressLine3": "",
          "PostTown": "",
          "County": "",
          "Country": "",
          "PostCode": "RH117RQ"
        },
        "isAddressUnknown": null,
        "isAddressConfidential": "No",
        "isAtAddressLessThan5Years": "No",
        "addressLivedLessThan5YearsDetails": null,
        "canYouProvideEmailAddress": "Yes",
        "email": "applicant@test.com",
        "isEmailAddressConfidential": "No",
        "landline": null,
        "phoneNumber": "4635635636",
        "isPhoneNumberConfidential": "No",
        "relationshipToChildren": null,
        "isDateOfBirthKnown": null,
        "isCurrentAddressKnown": null,
        "canYouProvidePhoneNumber": null,
        "isPlaceOfBirthKnown": null,
        "solicitorOrg": {},
        "solicitorAddress": {
          "AddressLine1": null,
          "AddressLine2": null,
          "AddressLine3": null,
          "PostTown": null,
          "County": null,
          "Country": null,
          "PostCode": null
        },
        "dxNumber": null,
        "solicitorReference": null,
        "representativeFirstName": "test",
        "representativeLastName": "john",
        "isAtAddressLessThan5YearsWithDontKnow": null,
        "doTheyHaveLegalRepresentation": null,
        "sendSignUpLink": null,
        "solicitorEmail": "tst@test.com"
      },
      "children": [
        {
          "id": "f5fa0db3-502d-459f-9a7a-7bb7be08ce6b",
          "value": {
            "firstName": "Test",
            "lastName": "Child",
            "dateOfBirth": "2000-10-10",
            "isDateOfBirthUnknown": null,
            "gender": "male",
            "otherGender": null,
            "orderAppliedFor": [
              "childArrangementsOrder"
            ],
            "applicantsRelationshipToChild": "grandParent",
            "otherApplicantsRelationshipToChild": null,
            "respondentsRelationshipToChild": "mother",
            "otherRespondentsRelationshipToChild": null,
            "childLiveWith": [
              "anotherPerson",
              "respondent",
              "applicant"
            ],
            "childrenKnownToLocalAuthority": null,
            "childrenKnownToLocalAuthorityTextArea": null,
            "childrenSubjectOfChildProtectionPlan": null,
            "otherPersonWhoLivesWithChild": null,
            "isChildCurrentAddressKnown": "Yes",
            "childUnsupervisedTime": "No",
            "childContactFromOtherRecipients": "No",
            "relationshipToApplicant": null,
            "relationshipToRespondent": null
          }
        }
      ],
      "respondentsFL401": {
        "email": "soli@gmail.com",
        "gender": null,
        "address": {
          "County": null,
          "Country": null,
          "PostCode": null,
          "PostTown": null,
          "AddressLine1": null,
          "AddressLine2": null,
          "AddressLine3": null
        },
        "dxNumber": null,
        "landline": null,
        "lastName": "Doe",
        "firstName": "John",
        "dateOfBirth": null,
        "otherGender": null,
        "phoneNumber": "01234567891",
        "placeOfBirth": null,
        "previousName": null,
        "solicitorOrg": {
          "OrganisationID": null,
          "OrganisationName": null
        },
        "sendSignUpLink": null,
        "solicitorEmail": "tet@test.com",
        "isAddressUnknown": null,
        "solicitorAddress": {
          "County": null,
          "Country": null,
          "PostCode": null,
          "PostTown": null,
          "AddressLine1": null,
          "AddressLine2": null,
          "AddressLine3": null
        },
        "isDateOfBirthKnown": "No",
        "solicitorReference": null,
        "solicitorTelephone": null,
        "isPlaceOfBirthKnown": null,
        "isDateOfBirthUnknown": null,
        "isAddressConfidential": "Yes",
        "isCurrentAddressKnown": "No",
        "relationshipToChildren": null,
        "representativeLastName": "man",
        "representativeFirstName": "test",
        "canYouProvidePhoneNumber": "Yes",
        "canYouProvideEmailAddress": "Yes",
        "isAtAddressLessThan5Years": null,
        "isPhoneNumberConfidential": null,
        "isEmailAddressConfidential": null,
        "respondentLivedWithApplicant": "No",
        "doTheyHaveLegalRepresentation": null,
        "addressLivedLessThan5YearsDetails": "*Provide details of all previous addresses for the last 5 years below(if known, including the dates and starting with most recent) (Optional)",
        "otherPersonRelationshipToChildren": [

        ],
        "isAtAddressLessThan5YearsWithDontKnow": "yes"
      },
      "respondents": [
        {
          "id": "29959b30-f49e-483b-a963-d53a88a93209",
          "value": {
            "firstName": "Ball",
            "lastName": "Lowe",
            "previousName": null,
            "dateOfBirth": null,
            "isDateOfBirthUnknown": null,
            "gender": "female",
            "otherGender": null,
            "placeOfBirth": null,
            "address": {
              "AddressLine1": "Ministry Of Justice",
              "AddressLine2": "Seventh Floor 102 Petty France",
              "AddressLine3": "",
              "PostTown": "London",
              "County": "",
              "Country": "",
              "PostCode": "N14 5AL"
            },
            "isAddressUnknown": null,
            "isAddressConfidential": null,
            "isAtAddressLessThan5Years": null,
            "addressLivedLessThan5YearsDetails": null,
            "canYouProvideEmailAddress": "No",
            "email": null,
            "isEmailAddressConfidential": null,
            "landline": null,
            "phoneNumber": null,
            "isPhoneNumberConfidential": null,
            "relationshipToChildren": null,
            "isDateOfBirthKnown": "No",
            "isCurrentAddressKnown": "Yes",
            "canYouProvidePhoneNumber": "No",
            "isPlaceOfBirthKnown": "No",
            "solicitorOrg": {},
            "solicitorAddress": {
              "AddressLine1": null,
              "AddressLine2": null,
              "AddressLine3": null,
              "PostTown": null,
              "County": null,
              "Country": null,
              "PostCode": null
            },
            "dxNumber": null,
            "solicitorReference": null,
            "representativeFirstName": "test",
            "representativeLastName": "test",
            "isAtAddressLessThan5YearsWithDontKnow": "dontKnow",
            "doTheyHaveLegalRepresentation": "no",
            "sendSignUpLink": null,
            "solicitorEmail": "test@test.com"
          }
        }
      ],
      "manageOrdersOptions": "createAnOrder",
      "createSelectOrderOptions":"standardDirectionsOrder",
      "sdoOtherList":[],
      "sdoPreamblesList": [
        "rightToAskCourt"
      ],
      "ordersHearingDetails": [
        {
          "value": {
            "hearingTypes": {
              "value": {
                "code": "ABA5-BRE",
                "label": "Breach"
              },
              "list_items": [
                {
                  "code": "ABA5-2GA",
                  "label": "2nd Gatekeeping Appointment"
                },
                {
                  "code": "ABA5-ALL",
                  "label": "Allocation"
                },
                {
                  "code": "ABA5-APL",
                  "label": "Appeal"
                },
                {
                  "code": "ABA5-APP",
                  "label": "Application"
                },
                {
                  "code": "ABA5-BRE",
                  "label": "Breach"
                },
                {
                  "code": "ABA5-CMC",
                  "label": "Case Management Conference"
                },
                {
                  "code": "ABA5-CMH",
                  "label": "Case Management Hearing"
                },
                {
                  "code": "ABA5-COM",
                  "label": "Committal"
                },
                {
                  "code": "ABA5-CON",
                  "label": "Conciliation"
                },
                {
                  "code": "ABA5-COS",
                  "label": "Costs"
                },
                {
                  "code": "ABA5-DIR",
                  "label": "Directions (First/Further)"
                },
                {
                  "code": "ABA5-DRA",
                  "label": "Dispute Resolution Appointment"
                },
                {
                  "code": "ABA5-FCM",
                  "label": "Further Case Management Hearing"
                },
                {
                  "code": "ABA5-FFH",
                  "label": "Full/Final hearing"
                },
                {
                  "code": "ABA5-FHD",
                  "label": "First Hearing Dispute Resolution Appointment (FHDRA)"
                },
                {
                  "code": "ABA5-FHR",
                  "label": "First Hearing"
                },
                {
                  "code": "ABA5-FOF",
                  "label": "Finding of Fact"
                },
                {
                  "code": "ABA5-GRH",
                  "label": "Ground Rules Hearing"
                },
                {
                  "code": "ABA5-HRA",
                  "label": "Human Rights Act Application"
                },
                {
                  "code": "ABA5-JMT",
                  "label": "Judgment"
                },
                {
                  "code": "ABA5-NEH",
                  "label": "Neutral Evaluation Hearing"
                },
                {
                  "code": "ABA5-PER",
                  "label": "Permission Hearing"
                },
                {
                  "code": "ABA5-PHR",
                  "label": "Pre Hearing Review"
                },
                {
                  "code": "ABA5-REV",
                  "label": "Review"
                },
                {
                  "code": "ABA5-SCF",
                  "label": "Settlement Conference"
                },
                {
                  "code": "ABA5-SGA",
                  "label": "Safeguarding Gatekeeping Appointment"
                }
              ]
            },
            "hearingDateConfirmOptionEnum": null,
            "hearingEstimatedDays": "3",
            "hearingEstimatedHours": "3",
            "hearingEstimatedMinutes": "3",
            "hearingChannelsEnum": "INTER",
            "allPartiesAttendHearingSameWayYesOrNo": "Yes",
            "applicantHearingChannel": null,
            "applicantSolicitorHearingChannel": null,
            "respondentHearingChannel": null,
            "respondentSolicitorHearingChannel": null,
            "applicantHearingChannel1": null,
            "applicantSolicitorHearingChannel1": null,
            "applicantHearingChannel2": null,
            "applicantSolicitorHearingChannel2": null,
            "applicantHearingChannel3": null,
            "applicantSolicitorHearingChannel3": null,
            "applicantHearingChannel4": null,
            "applicantSolicitorHearingChannel4": null,
            "applicantHearingChannel5": null,
            "applicantSolicitorHearingChannel5": null,
            "respondentHearingChannel1": null,
            "respondentSolicitorHearingChannel1": null,
            "respondentHearingChannel2": null,
            "respondentSolicitorHearingChannel2": null,
            "respondentHearingChannel3": null,
            "respondentSolicitorHearingChannel3": null,
            "respondentHearingChannel4": null,
            "respondentSolicitorHearingChannel4": null,
            "respondentHearingChannel5": null,
            "respondentSolicitorHearingChannel5": null,
            "cafcassHearingChannel": null,
            "cafcassCymruHearingChannel": null,
            "localAuthorityHearingChannel": null,
            "courtList": {
              "value": {
                "code": "234946:",
                "label": "Swansea Civil Justice Centre - Quay West, Quay Parade - SA1 1SP"
              },
              "list_items": [
                {
                  "code": "827534:",
                  "label": "Aberystwyth Justice Centre - Trefechan - SY23 1AS"
                },
                {
                  "code": "101959:",
                  "label": "Carmarthen County Court and Tribunal Hearing Centre - Hill House, Picton Terrace, Carmarthen - SA31 3BT"
                },
                {
                  "code": "816875:family.chelmsford.countycourt@justice.gov.uk",
                  "label": "Chelmsford County and Family Court - Priory Place - CM2 0PP"
                },
                {
                  "code": "497679:Coventryprivatelawapplications@justice.gov.uk",
                  "label": "Coventry Combined Court Centre - Much Park Street, Coventry - CV1 2SN"
                },
                {
                  "code": "898213:eastlondonfamilypr@justice.gov.uk",
                  "label": "East London Family Court - Westferry Circus (Westferry House), Part Ground, 6th And 7th Floors, 11 Westferry Circus, Canary Wharf, London, E14 4HE - E14 4HD"
                },
                {
                  "code": "735217:family.exeter.countycourt@justice.gov.uk",
                  "label": "Exeter Combined Court Centre - Southernhay Gardens, Exeter - EX1 1UH"
                },
                {
                  "code": "198592:family.gloucester.countycourt@justice.gov.uk",
                  "label": "Gloucestershire Family and Civil Court - Kimbrose Way, Gloucester Docks - GL1 2DE"
                },
                {
                  "code": "700596:",
                  "label": "Haverfordwest County and Family - Penffynnon, Hawthorn Rise - SA61 2AZ"
                },
                {
                  "code": "195520:hull.private.filing@justice.gov.uk",
                  "label": "Kingston-upon-Hull Combined Court Centre - The Combined Court Centre - HU1 2EZ"
                },
                {
                  "code": "195465:PLP.LINCOLN@justice.gov.uk",
                  "label": "Lincoln County Court and Family Court - High Street - LN5 7PS"
                },
                {
                  "code": "390932:",
                  "label": "Llanelli Law Courts - Town Hall Square, Llanelli - SA15 3AW"
                },
                {
                  "code": "487294:KentPRL@justice.gov.uk",
                  "label": "Medway County Court and Family Court - 47-67 High Street Chatham Kent - ME4 4DW"
                },
                {
                  "code": "366796:newcastle.c100applications@justice.gov.uk",
                  "label": "Newcastle Civil & Family Courts and Tribunals Centre - Barras Bridge, Newcastle-Upon-Tyne - NE99 1NA"
                },
                {
                  "code": "471569:family.peterborough.countycourt@justice.gov.uk",
                  "label": "Peterborough Combined Court Centre - Crown Buildings, Rivergate - PE1 1EJ"
                },
                {
                  "code": "846055:",
                  "label": "Port Talbot Justice Centre - Harbourside Road - SA13 1SB"
                },
                {
                  "code": "43104:family.southampton.countycourt@justice.gov.uk",
                  "label": "Southampton Combined Court Centre - The Courts of Justice, London Road - SO15 2XQ"
                },
                {
                  "code": "234946:",
                  "label": "Swansea Civil Justice Centre - Quay West, Quay Parade - SA1 1SP"
                }
              ]
            },
            "hearingAuthority": "legalAdviser",
            "hearingJudgePersonalCode": null,
            "hearingJudgeLastName": null,
            "hearingJudgeEmailAddress": null,
            "hearingListedLinkedCases": null,
            "instructionsForRemoteHearing": null,
            "additionalHearingDetails": null,
            "hearingDateConfirmOptionEnum": null,
            "isRenderingRequiredFlag": null,
            "confirmedHearingDates": null,
            "customDetails": null,
            "fillingFormRenderingInfo": "<details class='govuk-details'>\n\n<summary class='govuk-details__summary'>\n\n<span class='govuk-details__summary-text'>\n\nWhen should I fill this in?\n\n</span>\n\n</summary>\n\n<div class='govuk-details__text'>\n\n<p><strong>Only fill the following if you haven't requested the hearing yet</strong></p></br>\n\n</div>\n\n</details>",
            "hearingSpecificDatesOptionsEnum": null,
            "firstDateOfTheHearing": null,
            "hearingMustTakePlaceAtHour": null,
            "hearingMustTakePlaceAtMinute": null,
            "earliestHearingDate": null,
            "latestHearingDate": null,
            "hearingPriorityTypeEnum": null,
            "hearingVideoChannels": null,
            "hearingTelephoneChannels": null,
            "hearingChannels": null,
            "applicantName": null,
            "applicantSolicitor": null,
            "respondentName": null,
            "respondentSolicitor": null,
            "applicantName1": "John Doe (Applicant1)",
            "applicantName2": "Jeremy Anderson (Applicant2)",
            "applicantName3": "Martina Graham (Applicant3)",
            "applicantName4": null,
            "applicantName5": null,
            "applicantSolicitor1": "Legal Solicitor (Applicant1 solicitor)",
            "respondentName1": "Mary Richards (Respondent1)",
            "respondentSolicitor1": null,
            "applicantSolicitor2": "Legal Solicitor Jr (Applicant2 solicitor)",
            "respondentName2": "Elise Lynn (Respondent2)",
            "respondentSolicitor2": null,
            "applicantSolicitor3": "Sr Legal Solicitor (Applicant3 solicitor)",
            "respondentName3": "David Carman (Respondent3)",
            "respondentSolicitor3": null,
            "applicantSolicitor4": null,
            "respondentName4": null,
            "respondentSolicitor4": null,
            "applicantSolicitor5": null,
            "respondentName5": null,
            "respondentSolicitor5": null,
            "isCafcassCymru": "No",
            "hearingDateTimes": [
              {
                "value": {
                  "hearingDateTimeOption": "2023-12-31T16:28:00.000"
                },
                "id": "b7367baa-4184-4ccf-8f19-9089f3876a68"
              }
            ],
            "hearingdataFromHearingTab": [

            ]
          },
          "id": "33064e8d-3725-43b6-a629-1537c5e50cda"
        }
      ],
      "draftOrderOptions": "draftAnOrder",
      "sdoDocumentationAndEvidenceList": [],
      "sdoHearingsAndNextStepsList": [],
      "sdoCourtList": [],
      "sdoLocalAuthorityList": [],
      "sdoCafcassOrCymruList": [],
      "c21OrderOptions": "c21ApplicationRefused",
      "draftOrdersDynamicList": "fa632e84-bc22-4d74-bd36-b37cd27095d3",
      "draftOrderCollection": [
        {
          "id": "fa632e84-bc22-4d74-bd36-b37cd27095d3",
          "value": {
            "orderType": "noticeOfProceedingsNonParties",
            "judgeNotes": "asdasd",
            "childOption": {
              "value": null,
              "list_items": [
                {
                  "code": "ccd99bd3-29b8-4df5-93d6-b0a622ce033a",
                  "label": "Joe Doe (Child 1)"
                },
                {
                  "code": "cbb66702-223f-42eb-93a0-b2146bc039e0",
                  "label": "Simon Anderson (Child 2)"
                },
                {
                  "code": "55af15c9-d969-4a1a-8a72-657dcbe56d27",
                  "label": "Lilly Anderson (Child 3)"
                },
                {
                  "code": "2a147297-0dfc-467a-99d5-68db0e7e9411",
                  "label": "Charlotte Saxon (Child 4)"
                },
                {
                  "code": "fe50ccdc-b7fd-48ce-9853-454e8c484a78",
                  "label": "Selena Lees (Child 5)"
                }
              ]
            },
            "orderTypeId": "Notice of proceedings (C6a) (Notice to non-parties)",
            "otherDetails": {
              "status": "Created by Judge",
              "dateCreated": "2024-01-20T15:08:40.956958",
              "orderCreatedBy": "Prl Judge",
              "isJudgeApprovalNeeded": "No",
              "nameOfLaForReviewOrder": "null",
              "nameOfJudgeForReviewOrder": "null",
              "additionalRequirementsForHearingReq": "dacda"
            },
            "orderDocument": {
              "category_id": null,
              "document_url": "http://dm-store-aat.service.core-compute-aat.internal/documents/d4e8bb6c-9abd-4404-bdf9-1b8d345d260a",
              "document_filename": "Notice_Of_Proceeding_Order_C6a_draft.pdf",
              "document_binary_url": "http://dm-store-aat.service.core-compute-aat.internal/documents/d4e8bb6c-9abd-4404-bdf9-1b8d345d260a/binary",
              "document_creation_date": null
            },
            "orderCreatedBy": "JUDGE",
            "orderDocumentWelsh": {
              "category_id": null,
              "document_url": "http://dm-store-aat.service.core-compute-aat.internal/documents/3ecc2278-cfc1-448b-8d49-be5e41c8a51d",
              "document_filename": "Welsh_Notice_Of_Proceeding_Order_C6a_draft.pdf",
              "document_binary_url": "http://dm-store-aat.service.core-compute-aat.internal/documents/3ecc2278-cfc1-448b-8d49-be5e41c8a51d/binary",
              "document_creation_date": null
            },
            "orderSelectionType": "createAnOrder",
            "isOrderCreatedBySolicitor": "No",
            "manageOrderHearingDetails": [
              {
                "id": "86f73838-2b32-4c2c-903d-a05855ed0d73",
                "value": {
                  "courtList": {
                    "value": null,
                    "list_items": [
                      {
                        "code": "827534:",
                        "label": "Aberystwyth Justice Centre - Trefechan - SY23 1AS"
                      },
                      {
                        "code": "101959:",
                        "label": "Carmarthen County Court and Tribunal Hearing Centre - Hill House, Picton Terrace, Carmarthen - SA31 3BT"
                      },
                      {
                        "code": "816875:family.chelmsford.countycourt@justice.gov.uk",
                        "label": "Chelmsford County and Family Court - Priory Place - CM2 0PP"
                      },
                      {
                        "code": "497679:Coventryprivatelawapplications@justice.gov.uk",
                        "label": "Coventry Combined Court Centre - Much Park Street, Coventry - CV1 2SN"
                      },
                      {
                        "code": "898213:eastlondonfamilypr@justice.gov.uk",
                        "label": "East London Family Court - Westferry Circus (Westferry House), Part Ground, 6th And 7th Floors, 11 Westferry Circus, Canary Wharf, London, E14 4HE - E14 4HD"
                      },
                      {
                        "code": "735217:family.exeter.countycourt@justice.gov.uk",
                        "label": "Exeter Combined Court Centre - Southernhay Gardens, Exeter - EX1 1UH"
                      },
                      {
                        "code": "198592:family.gloucester.countycourt@justice.gov.uk",
                        "label": "Gloucestershire Family and Civil Court - Kimbrose Way, Gloucester Docks - GL1 2DE"
                      },
                      {
                        "code": "700596:",
                        "label": "Haverfordwest County and Family - Penffynnon, Hawthorn Rise - SA61 2AZ"
                      },
                      {
                        "code": "195520:hull.private.filing@justice.gov.uk",
                        "label": "Kingston-upon-Hull Combined Court Centre - The Combined Court Centre - HU1 2EZ"
                      },
                      {
                        "code": "195465:PLP.LINCOLN@justice.gov.uk",
                        "label": "Lincoln County Court and Family Court - High Street - LN5 7PS"
                      },
                      {
                        "code": "390932:",
                        "label": "Llanelli Law Courts - Town Hall Square, Llanelli - SA15 3AW"
                      },
                      {
                        "code": "487294:KentPRL@justice.gov.uk",
                        "label": "Medway County Court and Family Court - 47-67 High Street Chatham Kent - ME4 4DW"
                      },
                      {
                        "code": "366796:newcastle.c100applications@justice.gov.uk",
                        "label": "Newcastle Civil & Family Courts and Tribunals Centre - Barras Bridge, Newcastle-Upon-Tyne - NE99 1NA"
                      },
                      {
                        "code": "471569:family.peterborough.countycourt@justice.gov.uk",
                        "label": "Peterborough Combined Court Centre - Crown Buildings, Rivergate - PE1 1EJ"
                      },
                      {
                        "code": "846055:",
                        "label": "Port Talbot Justice Centre - Harbourside Road - SA13 1SB"
                      },
                      {
                        "code": "43104:family.southampton.countycourt@justice.gov.uk",
                        "label": "Southampton Combined Court Centre - The Courts of Justice, London Road - SO15 2XQ"
                      },
                      {
                        "code": "234946:",
                        "label": "Swansea Civil Justice Centre - Quay West, Quay Parade - SA1 1SP"
                      }
                    ]
                  },
                  "hearingTypes": {
                    "value": {
                      "code": "ABA5-2GA",
                      "label": "2nd Gatekeeping Appointment"
                    },
                    "list_items": [
                      {
                        "code": "ABA5-2GA",
                        "label": "2nd Gatekeeping Appointment"
                      },
                      {
                        "code": "ABA5-ALL",
                        "label": "Allocation"
                      },
                      {
                        "code": "ABA5-APL",
                        "label": "Appeal"
                      },
                      {
                        "code": "ABA5-APP",
                        "label": "Application"
                      },
                      {
                        "code": "ABA5-BRE",
                        "label": "Breach"
                      },
                      {
                        "code": "ABA5-CMC",
                        "label": "Case Management Conference"
                      },
                      {
                        "code": "ABA5-CMH",
                        "label": "Case Management Hearing"
                      },
                      {
                        "code": "ABA5-COM",
                        "label": "Committal"
                      },
                      {
                        "code": "ABA5-CON",
                        "label": "Conciliation"
                      },
                      {
                        "code": "ABA5-COS",
                        "label": "Costs"
                      },
                      {
                        "code": "ABA5-DIR",
                        "label": "Directions (First/Further)"
                      },
                      {
                        "code": "ABA5-DRA",
                        "label": "Dispute Resolution Appointment"
                      },
                      {
                        "code": "ABA5-FCM",
                        "label": "Further Case Management Hearing"
                      },
                      {
                        "code": "ABA5-FFH",
                        "label": "Full/Final hearing"
                      },
                      {
                        "code": "ABA5-FHD",
                        "label": "First Hearing Dispute Resolution Appointment (FHDRA)"
                      },
                      {
                        "code": "ABA5-FHR",
                        "label": "First Hearing"
                      },
                      {
                        "code": "ABA5-FOF",
                        "label": "Finding of Fact"
                      },
                      {
                        "code": "ABA5-GRH",
                        "label": "Ground Rules Hearing"
                      },
                      {
                        "code": "ABA5-HRA",
                        "label": "Human Rights Act Application"
                      },
                      {
                        "code": "ABA5-JMT",
                        "label": "Judgment"
                      },
                      {
                        "code": "ABA5-NEH",
                        "label": "Neutral Evaluation Hearing"
                      },
                      {
                        "code": "ABA5-PER",
                        "label": "Permission Hearing"
                      },
                      {
                        "code": "ABA5-PHR",
                        "label": "Pre Hearing Review"
                      },
                      {
                        "code": "ABA5-REV",
                        "label": "Review"
                      },
                      {
                        "code": "ABA5-SCF",
                        "label": "Settlement Conference"
                      },
                      {
                        "code": "ABA5-SGA",
                        "label": "Safeguarding Gatekeeping Appointment"
                      }
                    ]
                  },
                  "applicantName1": "John Doe (Applicant1)",
                  "applicantName2": "Jeremy Anderson (Applicant2)",
                  "applicantName3": "Martina Graham (Applicant3)",
                  "isCafcassCymru": "Yes",
                  "hearingChannels": {
                    "value": null,
                    "list_items": [
                      {
                        "code": "INTER",
                        "label": "In Person"
                      },
                      {
                        "code": "NA",
                        "label": "Not in Attendance"
                      },
                      {
                        "code": "ONPPRS",
                        "label": "On the Papers"
                      },
                      {
                        "code": "TEL",
                        "label": "Telephone"
                      },
                      {
                        "code": "VID",
                        "label": "Video"
                      }
                    ]
                  },
                  "respondentName1": "Mary Richards (Respondent1)",
                  "respondentName2": "Elise Lynn (Respondent2)",
                  "respondentName3": "David Carman (Respondent3)",
                  "applicantSolicitor1": "Legal Solicitor (Applicant1 solicitor)",
                  "applicantSolicitor2": "Legal Solicitor Jr (Applicant2 solicitor)",
                  "applicantSolicitor3": "Sr Legal Solicitor (Applicant3 solicitor)",
                  "cafcassHearingChannel": {
                    "value": null,
                    "list_items": [
                      {
                        "code": "INTER",
                        "label": "In Person"
                      },
                      {
                        "code": "NA",
                        "label": "Not in Attendance"
                      },
                      {
                        "code": "ONPPRS",
                        "label": "On the Papers"
                      },
                      {
                        "code": "TEL",
                        "label": "Telephone"
                      },
                      {
                        "code": "VID",
                        "label": "Video"
                      }
                    ]
                  },
                  "confirmedHearingDates": {
                    "value": null,
                    "list_items": [
                      {
                        "code": null,
                        "label": null
                      }
                    ]
                  },
                  "applicantHearingChannel1": {
                    "value": null,
                    "list_items": [
                      {
                        "code": "INTER",
                        "label": "In Person"
                      },
                      {
                        "code": "NA",
                        "label": "Not in Attendance"
                      },
                      {
                        "code": "ONPPRS",
                        "label": "On the Papers"
                      },
                      {
                        "code": "TEL",
                        "label": "Telephone"
                      },
                      {
                        "code": "VID",
                        "label": "Video"
                      }
                    ]
                  },
                  "applicantHearingChannel2": {
                    "value": null,
                    "list_items": [
                      {
                        "code": "INTER",
                        "label": "In Person"
                      },
                      {
                        "code": "NA",
                        "label": "Not in Attendance"
                      },
                      {
                        "code": "ONPPRS",
                        "label": "On the Papers"
                      },
                      {
                        "code": "TEL",
                        "label": "Telephone"
                      },
                      {
                        "code": "VID",
                        "label": "Video"
                      }
                    ]
                  },
                  "applicantHearingChannel3": {
                    "value": null,
                    "list_items": [
                      {
                        "code": "INTER",
                        "label": "In Person"
                      },
                      {
                        "code": "NA",
                        "label": "Not in Attendance"
                      },
                      {
                        "code": "ONPPRS",
                        "label": "On the Papers"
                      },
                      {
                        "code": "TEL",
                        "label": "Telephone"
                      },
                      {
                        "code": "VID",
                        "label": "Video"
                      }
                    ]
                  },
                  "fillingFormRenderingInfo": "<details class='govuk-details'>\n\n<summary class='govuk-details__summary'>\n\n<span class='govuk-details__summary-text'>\n\nWhen should I fill this in?\n\n</span>\n\n</summary>\n\n<div class='govuk-details__text'>\n\n<p><strong>Only fill the following if you haven't requested the hearing yet</strong></p></br>\n\n</div>\n\n</details>",
                  "hearingListedLinkedCases": {
                    "value": null,
                    "list_items": [

                    ]
                  },
                  "hearingdataFromHearingTab": [

                  ],
                  "respondentHearingChannel1": {
                    "value": null,
                    "list_items": [
                      {
                        "code": "INTER",
                        "label": "In Person"
                      },
                      {
                        "code": "NA",
                        "label": "Not in Attendance"
                      },
                      {
                        "code": "ONPPRS",
                        "label": "On the Papers"
                      },
                      {
                        "code": "TEL",
                        "label": "Telephone"
                      },
                      {
                        "code": "VID",
                        "label": "Video"
                      }
                    ]
                  },
                  "respondentHearingChannel2": {
                    "value": null,
                    "list_items": [
                      {
                        "code": "INTER",
                        "label": "In Person"
                      },
                      {
                        "code": "NA",
                        "label": "Not in Attendance"
                      },
                      {
                        "code": "ONPPRS",
                        "label": "On the Papers"
                      },
                      {
                        "code": "TEL",
                        "label": "Telephone"
                      },
                      {
                        "code": "VID",
                        "label": "Video"
                      }
                    ]
                  },
                  "respondentHearingChannel3": {
                    "value": null,
                    "list_items": [
                      {
                        "code": "INTER",
                        "label": "In Person"
                      },
                      {
                        "code": "NA",
                        "label": "Not in Attendance"
                      },
                      {
                        "code": "ONPPRS",
                        "label": "On the Papers"
                      },
                      {
                        "code": "TEL",
                        "label": "Telephone"
                      },
                      {
                        "code": "VID",
                        "label": "Video"
                      }
                    ]
                  },
                  "cafcassCymruHearingChannel": {
                    "value": null,
                    "list_items": [
                      {
                        "code": "INTER",
                        "label": "In Person"
                      },
                      {
                        "code": "NA",
                        "label": "Not in Attendance"
                      },
                      {
                        "code": "ONPPRS",
                        "label": "On the Papers"
                      },
                      {
                        "code": "TEL",
                        "label": "Telephone"
                      },
                      {
                        "code": "VID",
                        "label": "Video"
                      }
                    ]
                  },
                  "hearingDateConfirmOptionEnum": "dateToBeFixed",
                  "localAuthorityHearingChannel": {
                    "value": null,
                    "list_items": [
                      {
                        "code": "INTER",
                        "label": "In Person"
                      },
                      {
                        "code": "NA",
                        "label": "Not in Attendance"
                      },
                      {
                        "code": "ONPPRS",
                        "label": "On the Papers"
                      },
                      {
                        "code": "TEL",
                        "label": "Telephone"
                      },
                      {
                        "code": "VID",
                        "label": "Video"
                      }
                    ]
                  },
                  "applicantSolicitorHearingChannel1": {
                    "value": null,
                    "list_items": [
                      {
                        "code": "INTER",
                        "label": "In Person"
                      },
                      {
                        "code": "NA",
                        "label": "Not in Attendance"
                      },
                      {
                        "code": "ONPPRS",
                        "label": "On the Papers"
                      },
                      {
                        "code": "TEL",
                        "label": "Telephone"
                      },
                      {
                        "code": "VID",
                        "label": "Video"
                      }
                    ]
                  },
                  "applicantSolicitorHearingChannel2": {
                    "value": null,
                    "list_items": [
                      {
                        "code": "INTER",
                        "label": "In Person"
                      },
                      {
                        "code": "NA",
                        "label": "Not in Attendance"
                      },
                      {
                        "code": "ONPPRS",
                        "label": "On the Papers"
                      },
                      {
                        "code": "TEL",
                        "label": "Telephone"
                      },
                      {
                        "code": "VID",
                        "label": "Video"
                      }
                    ]
                  },
                  "applicantSolicitorHearingChannel3": {
                    "value": null,
                    "list_items": [
                      {
                        "code": "INTER",
                        "label": "In Person"
                      },
                      {
                        "code": "NA",
                        "label": "Not in Attendance"
                      },
                      {
                        "code": "ONPPRS",
                        "label": "On the Papers"
                      },
                      {
                        "code": "TEL",
                        "label": "Telephone"
                      },
                      {
                        "code": "VID",
                        "label": "Video"
                      }
                    ]
                  },
                  "additionalDetailsForHearingDateOptions": "dacda"
                }
              }
            ],
            "isOrderUploadedByJudgeOrAdmin": "No"
          }
        },
        {
          "id": "7e15be92-3bf1-4fbb-b7a3-6b50d4ab1a5b",
          "value": {
            "orderType": "blankOrderOrDirections",
            "childOption": {
              "value": null,
              "list_items": [
                {
                  "code": "ccd99bd3-29b8-4df5-93d6-b0a622ce033a",
                  "label": "Joe Doe (Child 1)"
                },
                {
                  "code": "cbb66702-223f-42eb-93a0-b2146bc039e0",
                  "label": "Simon Anderson (Child 2)"
                },
                {
                  "code": "55af15c9-d969-4a1a-8a72-657dcbe56d27",
                  "label": "Lilly Anderson (Child 3)"
                },
                {
                  "code": "2a147297-0dfc-467a-99d5-68db0e7e9411",
                  "label": "Charlotte Saxon (Child 4)"
                },
                {
                  "code": "fe50ccdc-b7fd-48ce-9853-454e8c484a78",
                  "label": "Selena Lees (Child 5)"
                }
              ]
            },
            "orderTypeId": "Blank order or directions (C21)",
            "childrenList": "Joe Doe (Child 1), Simon Anderson (Child 2), Lilly Anderson (Child 3), Charlotte Saxon (Child 4), Selena Lees (Child 5)",
            "otherDetails": {
              "status": "Drafted by Solicitor",
              "dateCreated": "2024-01-20T14:01:03.844860",
              "orderCreatedBy": "AAT Solicitor",
              "isJudgeApprovalNeeded": "Yes",
              "nameOfLaForReviewOrder": "null",
              "nameOfJudgeForReviewOrder": "null"
            },
            "dateOrderMade": "2024-01-20",
            "orderDocument": {
              "category_id": null,
              "document_url": "http://dm-store-aat.service.core-compute-aat.internal/documents/788b59a5-de26-4d4f-8fe0-84c3cf83ae8b",
              "document_filename": "Blank_Order_Directions_C21_Draft.pdf",
              "document_binary_url": "http://dm-store-aat.service.core-compute-aat.internal/documents/788b59a5-de26-4d4f-8fe0-84c3cf83ae8b/binary",
              "document_creation_date": null
            },
            "orderCreatedBy": "SOLICITOR",
            "c21OrderOptions": "c21ApplicationRefused",
            "orderDocumentWelsh": {
              "category_id": null,
              "document_url": "http://dm-store-aat.service.core-compute-aat.internal/documents/68db069a-3b8f-400a-aeea-9cfe82cb73ef",
              "document_filename": "Welsh_Blank_Order_Directions_C21_Draft.pdf",
              "document_binary_url": "http://dm-store-aat.service.core-compute-aat.internal/documents/68db069a-3b8f-400a-aeea-9cfe82cb73ef/binary",
              "document_creation_date": null
            },
            "orderSelectionType": "draftAnOrder",
            "isTheOrderByConsent": "Yes",
            "isOrderCreatedBySolicitor": "Yes",
            "isTheOrderAboutAllChildren": "Yes",
            "wasTheOrderApprovedAtHearing": "No",
            "isOrderUploadedByJudgeOrAdmin": "No"
          }
        }
      ]
    }
  },
  "event_id": "litigationCapacity"
}
