{
  "caseTypeOfApplication": "C100",
  "partyIdamId": "party-1",
  "partyExternalFlags": {
    "details": [
      {
        "name": "Guidance on how to complete forms",
        "name_cy": "Arweiniad ar sut i lenwi ffurflenni",
        "flagComment": "",
        "flagComment_cy": "",
        "dateTimeCreated": "2023-11-16T16:05:25.000",
        "dateTimeModified": "2023-11-16T16:05:53.000",
        "path": [
          {
            "id": "49d9fa8d-ccc5-4215-9637-8c226d46df5c",
            "value": "Party"
          },
          {
            "id": "0fe32eb2-4ad8-4803-9309-858825a33c4b",
            "value": "Reasonable adjustment"
          },
          {
            "id": "5f30d28d-57df-4b7c-8834-a723ce6d73d5",
            "value": "I need help with forms"
          }
        ],
        "hearingRelevant": "No",
        "flagCode": "RA0017",
        "status": "Requested",
        "availableExternally": "Yes"
      }
    ]
  }
}