{
  "case_details": {
    "state": "JUDICIAL_REVIEW",
    "id": "1687443551969082",
    "case_data": {
      "otherPartyInTheCaseRevised": [
        {
          "id": "6bb5e9ac-df97-4593-8b22-3969dc0bb4e1",
          "value": {
            "user": {
              "email": null,
              "idamId": null,
              "solicitorRepresented": null
            },
            "email": "otherperson1@example.net",
            "gender": "male",
            "address": {
              "County": null,
              "Country": null,
              "PostCode": null,
              "PostTown": null,
              "AddressLine1": null,
              "AddressLine2": null,
              "AddressLine3": null
            },
            "partyId": null,
            "dxNumber": null,
            "landline": null,
            "lastName": "Nolan",
            "response": {
              "miam": {
                "attendedMiam": null,
                "soleTraderName": null,
                "familyMediatorMiam": null,
                "willingToAttendMiam": null,
                "applicantAttendedMiam": null,
                "claimingExemptionMiam": null,
                "reasonNotAttendingMiam": null,
                "familyMediatorServiceName": null,
                "mediatorRegistrationNumber": null
              },
              "consent": {
                "noConsentReason": null,
                "courtOrderDetails": null,
                "permissionFromCourt": null,
                "applicationReceivedDate": null,
                "consentToTheApplication": null
              },
              "citizenFlags": {
                "isApplicationViewed": null,
                "isResponseInitiated": null,
                "isAllDocumentsViewed": null,
                "isAllegationOfHarmViewed": null
              },
              "attendToCourt": {
                "disabilityNeeds": null,
                "haveAnyDisability": null,
                "respondentWelshNeeds": null,
                "respondentWelshNeedsList": [

                ],
                "respondentInterpreterNeeds": [

                ],
                "respondentIntermediaryNeeds": null,
                "isRespondentNeededInterpreter": null,
                "respondentSpecialArrangements": null,
                "respondentIntermediaryNeedDetails": null,
                "respondentSpecialArrangementDetails": null
              },
              "citizenDetails": {
                "address": {
                  "County": null,
                  "Country": null,
                  "PostCode": null,
                  "PostTown": null,
                  "AddressLine1": null,
                  "AddressLine2": null,
                  "AddressLine3": null
                },
                "contact": {
                  "email": null,
                  "phoneNumber": null
                },
                "lastName": null,
                "firstName": null,
                "dateOfBirth": null,
                "placeOfBirth": null,
                "previousName": null,
                "addressHistory": {
                  "previousAddressHistory": [

                  ],
                  "isAtAddressLessThan5Years": null
                }
              },
              "respAohYesOrNo": null,
              "safetyConcerns": {
                "child": {
                  "sexualAbuse": {
                    "seekHelpDetails": null,
                    "behaviourDetails": null,
                    "behaviourStartDate": null,
                    "isOngoingBehaviour": null,
                    "childrenConcernedAbout": null,
                    "seekHelpFromPersonOrAgency": null
                  },
                  "physicalAbuse": {
                    "seekHelpDetails": null,
                    "behaviourDetails": null,
                    "behaviourStartDate": null,
                    "isOngoingBehaviour": null,
                    "childrenConcernedAbout": null,
                    "seekHelpFromPersonOrAgency": null
                  },
                  "somethingElse": {
                    "seekHelpDetails": null,
                    "behaviourDetails": null,
                    "behaviourStartDate": null,
                    "isOngoingBehaviour": null,
                    "childrenConcernedAbout": null,
                    "seekHelpFromPersonOrAgency": null
                  },
                  "emotionalAbuse": {
                    "seekHelpDetails": null,
                    "behaviourDetails": null,
                    "behaviourStartDate": null,
                    "isOngoingBehaviour": null,
                    "childrenConcernedAbout": null,
                    "seekHelpFromPersonOrAgency": null
                  },
                  "financialAbuse": {
                    "seekHelpDetails": null,
                    "behaviourDetails": null,
                    "behaviourStartDate": null,
                    "isOngoingBehaviour": null,
                    "childrenConcernedAbout": null,
                    "seekHelpFromPersonOrAgency": null
                  },
                  "psychologicalAbuse": {
                    "seekHelpDetails": null,
                    "behaviourDetails": null,
                    "behaviourStartDate": null,
                    "isOngoingBehaviour": null,
                    "childrenConcernedAbout": null,
                    "seekHelpFromPersonOrAgency": null
                  }
                },
                "applicant": {
                  "sexualAbuse": {
                    "seekHelpDetails": null,
                    "behaviourDetails": null,
                    "behaviourStartDate": null,
                    "isOngoingBehaviour": null,
                    "childrenConcernedAbout": null,
                    "seekHelpFromPersonOrAgency": null
                  },
                  "physicalAbuse": {
                    "seekHelpDetails": null,
                    "behaviourDetails": null,
                    "behaviourStartDate": null,
                    "isOngoingBehaviour": null,
                    "childrenConcernedAbout": null,
                    "seekHelpFromPersonOrAgency": null
                  },
                  "somethingElse": {
                    "seekHelpDetails": null,
                    "behaviourDetails": null,
                    "behaviourStartDate": null,
                    "isOngoingBehaviour": null,
                    "childrenConcernedAbout": null,
                    "seekHelpFromPersonOrAgency": null
                  },
                  "emotionalAbuse": {
                    "seekHelpDetails": null,
                    "behaviourDetails": null,
                    "behaviourStartDate": null,
                    "isOngoingBehaviour": null,
                    "childrenConcernedAbout": null,
                    "seekHelpFromPersonOrAgency": null
                  },
                  "financialAbuse": {
                    "seekHelpDetails": null,
                    "behaviourDetails": null,
                    "behaviourStartDate": null,
                    "isOngoingBehaviour": null,
                    "childrenConcernedAbout": null,
                    "seekHelpFromPersonOrAgency": null
                  },
                  "psychologicalAbuse": {
                    "seekHelpDetails": null,
                    "behaviourDetails": null,
                    "behaviourStartDate": null,
                    "isOngoingBehaviour": null,
                    "childrenConcernedAbout": null,
                    "seekHelpFromPersonOrAgency": null
                  }
                },
                "abductions": {
                  "c1ApassportOffice": null,
                  "c1AchildAbductedBefore": null,
                  "c1AprovideOtherDetails": null,
                  "c1AchildsCurrentLocation": null,
                  "c1AabductionReasonOutsideUk": null,
                  "c1ApossessionChildrenPassport": [

                  ],
                  "c1AchildrenMoreThanOnePassport": null,
                  "c1ApreviousAbductionsShortDesc": null,
                  "c1ApoliceOrInvestigatorInvolved": null,
                  "c1AabductionPassportOfficeNotified": null,
                  "c1ApoliceOrInvestigatorOtherDetails": null
                },
                "respondent": {
                  "sexualAbuse": {
                    "seekHelpDetails": null,
                    "behaviourDetails": null,
                    "behaviourStartDate": null,
                    "isOngoingBehaviour": null,
                    "childrenConcernedAbout": null,
                    "seekHelpFromPersonOrAgency": null
                  },
                  "physicalAbuse": {
                    "seekHelpDetails": null,
                    "behaviourDetails": null,
                    "behaviourStartDate": null,
                    "isOngoingBehaviour": null,
                    "childrenConcernedAbout": null,
                    "seekHelpFromPersonOrAgency": null
                  },
                  "somethingElse": {
                    "seekHelpDetails": null,
                    "behaviourDetails": null,
                    "behaviourStartDate": null,
                    "isOngoingBehaviour": null,
                    "childrenConcernedAbout": null,
                    "seekHelpFromPersonOrAgency": null
                  },
                  "emotionalAbuse": {
                    "seekHelpDetails": null,
                    "behaviourDetails": null,
                    "behaviourStartDate": null,
                    "isOngoingBehaviour": null,
                    "childrenConcernedAbout": null,
                    "seekHelpFromPersonOrAgency": null
                  },
                  "financialAbuse": {
                    "seekHelpDetails": null,
                    "behaviourDetails": null,
                    "behaviourStartDate": null,
                    "isOngoingBehaviour": null,
                    "childrenConcernedAbout": null,
                    "seekHelpFromPersonOrAgency": null
                  },
                  "psychologicalAbuse": {
                    "seekHelpDetails": null,
                    "behaviourDetails": null,
                    "behaviourStartDate": null,
                    "isOngoingBehaviour": null,
                    "childrenConcernedAbout": null,
                    "seekHelpFromPersonOrAgency": null
                  }
                },
                "otherconcerns": {
                  "c1AotherConcernsDrugs": null,
                  "c1AchildSafetyConcerns": null,
                  "c1AkeepingSafeStatement": null,
                  "c1AagreementOtherWaysDetails": null,
                  "c1AotherConcernsDrugsDetails": null,
                  "c1AchildSafetyConcernsDetails": null,
                  "c1AsupervisionAgreementDetails": null
                },
                "concernAboutChild": [

                ],
                "haveSafetyConcerns": null,
                "safetyConcernAbout": [

                ],
                "concernAboutRespondent": [

                ]
              },
              "supportYouNeed": {
                "docsDetails": null,
                "docsSupport": [

                ],
                "courtComfort": [

                ],
                "courtHearing": [

                ],
                "otherDetails": null,
                "hearingDetails": null,
                "parkingDetails": null,
                "therapyDetails": null,
                "languageDetails": null,
                "lightingDetails": null,
                "attendingToCourt": [

                ],
                "describeOtherNeed": null,
                "helpCommunication": [

                ],
                "largePrintDetails": null,
                "travellingToCourt": [

                ],
                "safetyArrangements": [

                ],
                "otherProvideDetails": null,
                "signLanguageDetails": null,
                "languageRequirements": [

                ],
                "supportWorkerDetails": null,
                "differentChairDetails": null,
                "familyProviderDetails": null,
                "reasonableAdjustments": [

                ],
                "travellingOtherDetails": null,
                "communicationSupportOther": null,
                "safetyArrangementsDetails": null
              },
              "activeRespondent": null,
              "safeToCallOption": null,
              "keepDetailsPrivate": {
                "confidentiality": null,
                "confidentialityList": [

                ],
                "otherPeopleKnowYourContactDetails": null
              },
              "respChildAbuseInfo": [

              ],
              "c7ResponseSubmitted": null,
              "legalRepresentation": null,
              "c1AResponseSubmitted": null,
              "respDomesticAbuseInfo": [

              ],
              "respOtherConcernsInfo": {
                "childSpendingSupervisedTime": null,
                "childHavingOtherFormOfContact": null,
                "childSpendingUnsupervisedTime": null,
                "ordersRespondentWantFromCourt": null
              },
              "respChildAbductionInfo": {
                "whereIsChild": null,
                "whoHasChildPassport": [

                ],
                "childrenHavePassport": null,
                "whoHasChildPassportOther": null,
                "hasPassportOfficeNotified": null,
                "reasonForChildAbductionBelief": null,
                "childrenHaveMoreThanOnePassport": null,
                "previousThreatsForChildAbduction": null,
                "anyOrgInvolvedInPreviousAbduction": null,
                "previousThreatsForChildAbductionDetails": null,
                "anyOrgInvolvedInPreviousAbductionDetails": null
              },
              "respKeepDetailsPrivate": {
                "confidentiality": null,
                "confidentialityList": [

                ],
                "otherPeopleKnowYourContactDetails": null
              },
              "respAllegationsOfHarmInfo": {
                "respondentChildAbuse": null,
                "respondentDomesticAbuse": null,
                "respondentOccupationOrder": null,
                "isRespondentChildAbduction": null,
                "respondentRestrainingCourt": null,
                "respondentRestrainingOrder": null,
                "respondentUndertakingCourt": null,
                "respondentUndertakingOrder": null,
                "respondentDrugOrAlcoholAbuse": null,
                "respondentRestrainingEndDate": null,
                "respondentUndertakingEndDate": null,
                "respondentForcedMarriageCourt": null,
                "respondentForcedMarriageOrder": null,
                "respondentNonMolestationOrder": null,
                "respondentOtherSafetyConcerns": null,
                "respondentRestrainingDocument": null,
                "respondentUndertakingDocument": null,
                "respondentOccupationOrderCourt": null,
                "respondentOtherInjunctiveCourt": null,
                "respondentOtherInjunctiveOrder": null,
                "respondentRestrainingIsCurrent": null,
                "respondentRestrainingIssueDate": null,
                "respondentUndertakingIsCurrent": null,
                "respondentUndertakingIssueDate": null,
                "respondentForcedMarriageEndDate": null,
                "respondentRestrainingCaseNumber": null,
                "respondentUndertakingCaseNumber": null,
                "respondentForcedMarriageDocument": null,
                "respondentOccupationOrderEndDate": null,
                "respondentOtherInjunctiveEndDate": null,
                "respondentForcedMarriageIsCurrent": null,
                "respondentForcedMarriageIssueDate": null,
                "respondentOccupationOrderDocument": null,
                "respondentOtherInjunctiveDocument": null,
                "respondentForcedMarriageCaseNumber": null,
                "respondentNonMolestationOrderCourt": null,
                "respondentOccupationOrderIsCurrent": null,
                "respondentOccupationOrderIssueDate": null,
                "respondentOtherInjunctiveIsCurrent": null,
                "respondentOtherInjunctiveIssueDate": null,
                "respondentDrugOrAlcoholAbuseDetails": null,
                "respondentOccupationOrderCaseNumber": null,
                "respondentOtherInjunctiveCaseNumber": null,
                "respondentNonMolestationOrderEndDate": null,
                "respondentOtherSafetyConcernsDetails": null,
                "respondentNonMolestationOrderDocument": null,
                "respondentNonMolestationOrderIsCurrent": null,
                "respondentNonMolestationOrderIssueDate": null,
                "respondentNonMolestationOrderCaseNumber": null
              },
              "respSolHaveYouAttendedMiam": {
                "attendedMiam": null,
                "soleTraderName": null,
                "familyMediatorMiam": null,
                "willingToAttendMiam": null,
                "applicantAttendedMiam": null,
                "claimingExemptionMiam": null,
                "reasonNotAttendingMiam": null,
                "familyMediatorServiceName": null,
                "mediatorRegistrationNumber": null
              },
              "citizenInternationalElements": {
                "childrenLiveOutsideOfEnWl": null,
                "parentsAnyOneLiveOutsideEnWl": null,
                "anotherPersonOrderOutsideEnWl": null,
                "anotherCountryAskedInformation": null,
                "childrenLiveOutsideOfEnWlDetails": null,
                "parentsAnyOneLiveOutsideEnWlDetails": null,
                "anotherPersonOrderOutsideEnWlDetails": null,
                "anotherCountryAskedInformationDetaails": null
              },
              "currentOrPreviousProceedings": {
                "proceedingsList": [

                ],
                "courtOrderMadeForProtection": null,
                "haveChildrenBeenInvolvedInCourtCase": null
              },
              "internationalElementChildInfo": {
                "childrenLiveOutsideOfEnWl": null,
                "parentsAnyOneLiveOutsideEnWl": null,
                "anotherPersonOrderOutsideEnWl": null,
                "anotherCountryAskedInformation": null,
                "childrenLiveOutsideOfEnWlDetails": null,
                "parentsAnyOneLiveOutsideEnWlDetails": null,
                "anotherPersonOrderOutsideEnWlDetails": null,
                "anotherCountryAskedInformationDetaails": null
              },
              "respondentExistingProceedings": [

              ],
              "internationalElementParentInfo": {
                "childrenLiveOutsideOfEnWl": null,
                "parentsAnyOneLiveOutsideEnWl": null,
                "anotherPersonOrderOutsideEnWl": null,
                "anotherCountryAskedInformation": null,
                "childrenLiveOutsideOfEnWlDetails": null,
                "parentsAnyOneLiveOutsideEnWlDetails": null,
                "anotherPersonOrderOutsideEnWlDetails": null,
                "anotherCountryAskedInformationDetaails": null
              },
              "respSolWillingnessToAttendMiam": {
                "attendedMiam": null,
                "soleTraderName": null,
                "familyMediatorMiam": null,
                "willingToAttendMiam": null,
                "applicantAttendedMiam": null,
                "claimingExemptionMiam": null,
                "reasonNotAttendingMiam": null,
                "familyMediatorServiceName": null,
                "mediatorRegistrationNumber": null
              },
              "internationalElementRequestInfo": {
                "childrenLiveOutsideOfEnWl": null,
                "parentsAnyOneLiveOutsideEnWl": null,
                "anotherPersonOrderOutsideEnWl": null,
                "anotherCountryAskedInformation": null,
                "childrenLiveOutsideOfEnWlDetails": null,
                "parentsAnyOneLiveOutsideEnWlDetails": null,
                "anotherPersonOrderOutsideEnWlDetails": null,
                "anotherCountryAskedInformationDetaails": null
              },
              "currentOrPastProceedingsForChildren": null,
              "factorsAffectingAbilityToParticipate": null,
              "internationalElementJurisdictionInfo": {
                "childrenLiveOutsideOfEnWl": null,
                "parentsAnyOneLiveOutsideEnWl": null,
                "anotherPersonOrderOutsideEnWl": null,
                "anotherCountryAskedInformation": null,
                "childrenLiveOutsideOfEnWlDetails": null,
                "parentsAnyOneLiveOutsideEnWlDetails": null,
                "anotherPersonOrderOutsideEnWlDetails": null,
                "anotherCountryAskedInformationDetaails": null
              },
              "respKeepDetailsPrivateConfidentiality": {
                "confidentiality": null,
                "confidentialityList": [

                ],
                "otherPeopleKnowYourContactDetails": null
              },
              "provideDetailsForFactorsAffectingAbilityToParticipate": null
            },
            "firstName": "Sam",
            "dateOfBirth": null,
            "otherGender": null,
            "phoneNumber": null,
            "placeOfBirth": null,
            "previousName": null,
            "solicitorOrg": {
              "OrganisationID": null,
              "OrganisationName": null
            },
            "partyLevelFlag": {
              "details": [

              ],
              "partyName": null,
              "roleOnCase": null
            },
            "sendSignUpLink": null,
            "solicitorEmail": null,
            "isAddressUnknown": null,
            "solicitorAddress": {
              "County": null,
              "Country": null,
              "PostCode": null,
              "PostTown": null,
              "AddressLine1": null,
              "AddressLine2": null,
              "AddressLine3": null
            },
            "solicitorOrgUuid": null,
            "solicitorPartyId": null,
            "currentRespondent": null,
            "contactPreferences": null,
            "isDateOfBirthKnown": "No",
            "solicitorReference": null,
            "solicitorTelephone": null,
            "isPlaceOfBirthKnown": "No",
            "isDateOfBirthUnknown": null,
            "isAddressConfidential": null,
            "isCurrentAddressKnown": "No",
            "relationshipToChildren": null,
            "representativeLastName": null,
            "representativeFirstName": null,
            "canYouProvidePhoneNumber": "No",
            "applicantPreferredContact": [

            ],
            "canYouProvideEmailAddress": "Yes",
            "isAtAddressLessThan5Years": "No",
            "isPhoneNumberConfidential": "No",
            "isEmailAddressConfidential": "Yes",
            "applicantContactInstructions": null,
            "respondentLivedWithApplicant": null,
            "doTheyHaveLegalRepresentation": null,
            "addressLivedLessThan5YearsDetails": null,
            "otherPersonRelationshipToChildren": [

            ],
            "isRemoveLegalRepresentativeRequested": null,
            "isAtAddressLessThan5YearsWithDontKnow": null
          }
        }
      ],
      "newOrdersRestrainingDocument": null,
      "setOutReasonsBelow": null,
      "otherProceedingsTable": {
        "previousOrOngoingProceedings": ""
      },
      "applicationTypeDetails": {

      },
      "childPassportDetails": {

      },
      "buffChildAndRespondentRelations": [

      ],
      "newOrdersForcedMarriageProtectionCourtName": null,
      "newOrdersForcedMarriageProtectionCaseNumber": null,
      "dateOfSubmission": {
        "dateOfSubmission": "20 01 2024"
      },
      "draftConsentOrderFile": null,
      "serviceOfApplicationHeader": null,
      "state": "PREPARE_FOR_HEARING_CONDUCT_HEARING",
      "taskListVersion": "v2",
      "soaOtherParties": {
        "value": [
          {
            "code": "6bb5e9ac-df97-4593-8b22-3969dc0bb4e1",
            "label": "Sam Nolan"
          }
        ],
        "list_items": [
          {
            "code": "6bb5e9ac-df97-4593-8b22-3969dc0bb4e1",
            "label": "Sam Nolan"
          }
        ]
      },
      "applicationPermissionRequired": "noNotRequired",
      "newAllegationsOfHarmOtherConcernsDetails": "welfare",
      "familyMediatorMiam": "No",
      "childrenNotPartInTheCaseYesNo": "No",
      "payAgreeStatement": [
        "agree"
      ],
      "applicantAttendedMiam": "No",
      "miamChildProtectionConcernList": [
        "MIAMChildProtectionConcernChecklistEnum_value_1"
      ],
      "newOrdersForcedMarriageProtectionDateIssued": null,
      "caApplicant5Policy": {
        "Organisation": {

        },
        "OrgPolicyReference": null,
        "OrgPolicyCaseAssignedRole": "[C100APPLICANTSOLICITOR5]"
      },
      "allChildrenAreRiskPhysicalAbuse": "Yes",
      "markedToServeEmailNotification": "No",
      "caRespondent2Policy": {
        "Organisation": {

        },
        "OrgPolicyReference": null,
        "OrgPolicyCaseAssignedRole": "[C100RESPONDENTSOLICITOR2]"
      },
      "reasonForAmendCourtDetails": "dfsd",
      "respondentConfidentialDetails": [

      ],
      "courtCodeFromFact": "344",
      "soaServeLocalAuthorityYesOrNo": "No",
      "reasonsForApplicationWithoutNotice": null,
      "confidentialDetails": {
        "isConfidentialDetailsAvailable": "Yes"
      },
      "c8WelshDocument": {
        "category_id": null,
        "document_url": "http://dm-store-aat.service.core-compute-aat.internal/documents/fcdd63f3-5a07-4980-8c7e-d8993ce7927b",
        "document_filename": "C8Document_Welsh.pdf",
        "document_binary_url": "http://dm-store-aat.service.core-compute-aat.internal/documents/fcdd63f3-5a07-4980-8c7e-d8993ce7927b/binary",
        "document_creation_date": null
      },
      "specialArrangement": {
        "areAnySpecialArrangements": "No"
      },
      "newOrdersNonMolestationCaseNumber": null,
      "taskList": "<div class='width-50'>\n\n<br/>\n\n## Add application details\n\n<hr class='govuk-!-margin-top-3 govuk-!-margin-bottom-2'/>\n\n<a href='/cases/case-details/${[CASE_REFERENCE]}/trigger/caseName/caseName1'>Case name</a><img align='right' height='25px' src='https://raw.githubusercontent.com/hmcts/prl-cos-api/master/resources/finished.png' title='Finished'/>\n\n<hr class='govuk-!-margin-top-3 govuk-!-margin-bottom-2'/>\n\n<a href='/cases/case-details/${[CASE_REFERENCE]}/trigger/selectApplicationType/selectApplicationType1'>Type of application</a><img align='right' height='25px' src='https://raw.githubusercontent.com/hmcts/prl-cos-api/master/resources/finished.png' title='Finished'/>\n\n<hr class='govuk-!-margin-top-3 govuk-!-margin-bottom-2'/>\n\n<a href='/cases/case-details/${[CASE_REFERENCE]}/trigger/hearingUrgency/hearingUrgency1'>Hearing urgency</a><img align='right' height='25px' src='https://raw.githubusercontent.com/hmcts/prl-cos-api/master/resources/finished.png' title='Finished'/>\n\n<hr class='govuk-!-margin-top-3 govuk-!-margin-bottom-2'/>\n\n<br/>\n\n## Add people to the case\n\n<div class='panel panel-border-wide govuk-!-font-size-16'>If children live with another party in the case (other than the applicant or respondent) you can add these details to 'Other people in the case.' if you do complete this section, you must keep it up to date.</div>\n\n<hr class='govuk-!-margin-top-3 govuk-!-margin-bottom-2'/>\n\n<a href='/cases/case-details/${[CASE_REFERENCE]}/trigger/childDetailsRevised/childDetailsRevised1'>Child details</a><img align='right' height='25px' src='https://raw.githubusercontent.com/hmcts/prl-cos-api/master/resources/finished.png' title='Finished'/>\n\n<hr class='govuk-!-margin-top-3 govuk-!-margin-bottom-2'/>\n\n<a href='/cases/case-details/${[CASE_REFERENCE]}/trigger/applicantsDetails/applicantsDetails1'>Applicant details</a><img align='right' height='25px' src='https://raw.githubusercontent.com/hmcts/prl-cos-api/master/resources/information-added.png' title='Information added'/>\n\n<hr class='govuk-!-margin-top-3 govuk-!-margin-bottom-2'/>\n\n<a href='/cases/case-details/${[CASE_REFERENCE]}/trigger/respondentsDetails/respondentsDetails1'>Respondent details</a><img align='right' height='25px' src='https://raw.githubusercontent.com/hmcts/prl-cos-api/master/resources/finished.png' title='Finished'/>\n\n<hr class='govuk-!-margin-top-3 govuk-!-margin-bottom-2'/>\n\n<a href='/cases/case-details/${[CASE_REFERENCE]}/trigger/otherPeopleInTheCaseRevised/otherPeopleInTheCaseRevised1'>Other people in the case</a><img align='right' height='25px' src='https://raw.githubusercontent.com/hmcts/prl-cos-api/master/resources/finished.png' title='Finished'/>\n\n<hr class='govuk-!-margin-top-3 govuk-!-margin-bottom-2'/>\n\n<a href='/cases/case-details/${[CASE_REFERENCE]}/trigger/otherChildNotInTheCase/otherChildNotInTheCase1'>Other children not in the case</a><img align='right' height='25px' src='https://raw.githubusercontent.com/hmcts/prl-cos-api/master/resources/finished.png' title='Finished'/>\n\n<hr class='govuk-!-margin-top-3 govuk-!-margin-bottom-2'/>\n\n<br/>\n\n## Relationships\n\n<hr class='govuk-!-margin-top-3 govuk-!-margin-bottom-2'/>\n\n<a href='/cases/case-details/${[CASE_REFERENCE]}/trigger/childrenAndApplicants/childrenAndApplicants1'>Children and applicants</a><img align='right' height='25px' src='https://raw.githubusercontent.com/hmcts/prl-cos-api/master/resources/finished.png' title='Finished'/>\n\n<hr class='govuk-!-margin-top-3 govuk-!-margin-bottom-2'/>\n\n<a href='/cases/case-details/${[CASE_REFERENCE]}/trigger/childrenAndRespondents/childrenAndRespondents1'>Children and respondents</a><img align='right' height='25px' src='https://raw.githubusercontent.com/hmcts/prl-cos-api/master/resources/finished.png' title='Finished'/>\n\n<hr class='govuk-!-margin-top-3 govuk-!-margin-bottom-2'/>\n\n<a href='/cases/case-details/${[CASE_REFERENCE]}/trigger/childrenAndOtherPeople/childrenAndOtherPeople1'>Children and other people</a><img align='right' height='25px' src='https://raw.githubusercontent.com/hmcts/prl-cos-api/master/resources/finished.png' title='Finished'/>\n\n<hr class='govuk-!-margin-top-3 govuk-!-margin-bottom-2'/>\n\n<br/>\n\n## Add required details\n\n<hr class='govuk-!-margin-top-3 govuk-!-margin-bottom-2'/>\n\n<a href='/cases/case-details/${[CASE_REFERENCE]}/trigger/allegationsOfHarmRevised/allegationsOfHarmRevised1'>Allegations of harm</a><img align='right' height='25px' src='https://raw.githubusercontent.com/hmcts/prl-cos-api/master/resources/finished.png' title='Finished'/>\n\n<hr class='govuk-!-margin-top-3 govuk-!-margin-bottom-2'/>\n\n<br/>\n\n## MIAM details\n\n<div class='panel panel-border-wide govuk-!-font-size-16'>MIAM section is optional for final submit, if a consent order is uploaded and mandatory otherwise.</div>\n\n<hr class='govuk-!-margin-top-3 govuk-!-margin-bottom-2'/>\n\n<a href='/cases/case-details/${[CASE_REFERENCE]}/trigger/miam/miam1'>MIAM</a><img align='right' height='25px' src='https://raw.githubusercontent.com/hmcts/prl-cos-api/master/resources/finished.png' title='Finished'/>\n\n<hr class='govuk-!-margin-top-3 govuk-!-margin-bottom-2'/>\n\n<br/>\n\n## Add additional information\n\n<div class='panel panel-border-wide govuk-!-font-size-16'>Only complete if relevant</div>\n\n<hr class='govuk-!-margin-top-3 govuk-!-margin-bottom-2'/>\n\n<a href='/cases/case-details/${[CASE_REFERENCE]}/trigger/otherProceedings/otherProceedings1'>Other proceedings</a><img align='right' height='25px' src='https://raw.githubusercontent.com/hmcts/prl-cos-api/master/resources/not-started.png' title='Not started'/>\n\n<hr class='govuk-!-margin-top-3 govuk-!-margin-bottom-2'/>\n\n<a href='/cases/case-details/${[CASE_REFERENCE]}/trigger/attendingTheHearing/attendingTheHearing1'>Attending the hearing</a><img align='right' height='25px' src='https://raw.githubusercontent.com/hmcts/prl-cos-api/master/resources/not-started.png' title='Not started'/>\n\n<hr class='govuk-!-margin-top-3 govuk-!-margin-bottom-2'/>\n\n<a href='/cases/case-details/${[CASE_REFERENCE]}/trigger/internationalElement/internationalElement1'>International element</a><img align='right' height='25px' src='https://raw.githubusercontent.com/hmcts/prl-cos-api/master/resources/finished.png' title='Finished'/>\n\n<hr class='govuk-!-margin-top-3 govuk-!-margin-bottom-2'/>\n\n<a href='/cases/case-details/${[CASE_REFERENCE]}/trigger/litigationCapacity/litigationCapacity1'>Litigation capacity</a><img align='right' height='25px' src='https://raw.githubusercontent.com/hmcts/prl-cos-api/master/resources/not-started.png' title='Not started'/>\n\n<hr class='govuk-!-margin-top-3 govuk-!-margin-bottom-2'/>\n\n<a href='/cases/case-details/${[CASE_REFERENCE]}/trigger/welshLanguageRequirements/welshLanguageRequirements1'>Welsh language requirements</a><img align='right' height='25px' src='https://raw.githubusercontent.com/hmcts/prl-cos-api/master/resources/finished.png' title='Finished'/>\n\n<hr class='govuk-!-margin-top-3 govuk-!-margin-bottom-2'/>\n\n<br/>\n\n## View PDF application\n\n<hr class='govuk-!-margin-top-3 govuk-!-margin-bottom-2'/>\n\n<a href='/cases/case-details/${[CASE_REFERENCE]}/trigger/viewPdfDocument/viewPdfDocument1'>View PDF application</a>\n\n<hr class='govuk-!-margin-top-3 govuk-!-margin-bottom-2'/>\n\n<br/>\n\n## Submit and pay\n\n<hr class='govuk-!-margin-top-3 govuk-!-margin-bottom-2'/>\n\n<a href='/cases/case-details/${[CASE_REFERENCE]}/trigger/submitAndPay/submitAndPay1'>Submit and pay</a><img align='right' height='25px' src='https://raw.githubusercontent.com/hmcts/prl-cos-api/master/resources/not-started.png' title='Not started yet'/>\n\n<hr class='govuk-!-margin-top-3 govuk-!-margin-bottom-2'/>\n\n</div>",
      "caseSolicitorOrgName": "FPRL-test-organisation",
      "caseSolicitorName": "AAT Solicitor",
      "newOrdersNonMolestation": "No",
      "performingUser": "COURT_ADMIN",
      "newOrdersForcedMarriageProtection": "No",
      "newAllegationsOfHarmOtherConcerns": "Yes",
      "urgencyDetails": {
        "urgencyStatus": "Not urgent"
      },
      "newOrdersOtherInjunctiveEndDate": null,
      "newOrdersUndertakingInPlaceCurrent": "Yes",
      "caseUrgencyTimeAndReason": null,
      "newAllegationsOfHarmSubstanceAbuseDetails": "Drugs, alcohol or substance",
      "attendingTheHearingTable": {
        "isWelshNeeded": null,
        "adjustmentsRequired": null,
        "isDisabilityPresent": null,
        "isInterpreterNeeded": null,
        "isIntermediaryNeeded": null,
        "reasonsForIntermediary": null,
        "specialArrangementsRequired": null,
        "isSpecialArrangementsRequired": null
      },
      "newOrdersRestrainingEndDate": null,
      "newOrdersOtherInjunctiveCourtName": null,
      "anotherReasonToTransferDetails": "sfds",
      "childAbuses": [
        "physicalAbuse",
        "financialAbuse"
      ],
      "newOrdersUndertakingInPlaceDateIssued": "1967-09-01",
      "draftOrderCollection": [
        {
          "id": "fa632e84-bc22-4d74-bd36-b37cd27095d3",
          "value": {
            "orderType": "noticeOfProceedingsNonParties",
            "judgeNotes": "asdasd",
            "childOption": {
              "value": null,
              "list_items": [
                {
                  "code": "ccd99bd3-29b8-4df5-93d6-b0a622ce033a",
                  "label": "Joe Doe (Child 1)"
                },
                {
                  "code": "cbb66702-223f-42eb-93a0-b2146bc039e0",
                  "label": "Simon Anderson (Child 2)"
                },
                {
                  "code": "55af15c9-d969-4a1a-8a72-657dcbe56d27",
                  "label": "Lilly Anderson (Child 3)"
                },
                {
                  "code": "2a147297-0dfc-467a-99d5-68db0e7e9411",
                  "label": "Charlotte Saxon (Child 4)"
                },
                {
                  "code": "fe50ccdc-b7fd-48ce-9853-454e8c484a78",
                  "label": "Selena Lees (Child 5)"
                }
              ]
            },
            "orderTypeId": "Notice of proceedings (C6a) (Notice to non-parties)",
            "otherDetails": {
              "status": "Created by Judge",
              "dateCreated": "2024-01-20T15:08:40.956958",
              "orderCreatedBy": "Prl Judge",
              "isJudgeApprovalNeeded": "No",
              "nameOfLaForReviewOrder": "null",
              "nameOfJudgeForReviewOrder": "null",
              "additionalRequirementsForHearingReq": "dacda"
            },
            "orderDocument": {
              "category_id": null,
              "document_url": "http://dm-store-aat.service.core-compute-aat.internal/documents/d4e8bb6c-9abd-4404-bdf9-1b8d345d260a",
              "document_filename": "Notice_Of_Proceeding_Order_C6a_draft.pdf",
              "document_binary_url": "http://dm-store-aat.service.core-compute-aat.internal/documents/d4e8bb6c-9abd-4404-bdf9-1b8d345d260a/binary",
              "document_creation_date": null
            },
            "orderCreatedBy": "JUDGE",
            "orderDocumentWelsh": {
              "category_id": null,
              "document_url": "http://dm-store-aat.service.core-compute-aat.internal/documents/3ecc2278-cfc1-448b-8d49-be5e41c8a51d",
              "document_filename": "Welsh_Notice_Of_Proceeding_Order_C6a_draft.pdf",
              "document_binary_url": "http://dm-store-aat.service.core-compute-aat.internal/documents/3ecc2278-cfc1-448b-8d49-be5e41c8a51d/binary",
              "document_creation_date": null
            },
            "orderSelectionType": "createAnOrder",
            "isOrderCreatedBySolicitor": "No",
            "manageOrderHearingDetails": [
              {
                "id": "86f73838-2b32-4c2c-903d-a05855ed0d73",
                "value": {
                  "courtList": {
                    "value": null,
                    "list_items": [
                      {
                        "code": "827534:",
                        "label": "Aberystwyth Justice Centre - Trefechan - SY23 1AS"
                      },
                      {
                        "code": "101959:",
                        "label": "Carmarthen County Court and Tribunal Hearing Centre - Hill House, Picton Terrace, Carmarthen - SA31 3BT"
                      },
                      {
                        "code": "816875:family.chelmsford.countycourt@justice.gov.uk",
                        "label": "Chelmsford County and Family Court - Priory Place - CM2 0PP"
                      },
                      {
                        "code": "497679:Coventryprivatelawapplications@justice.gov.uk",
                        "label": "Coventry Combined Court Centre - Much Park Street, Coventry - CV1 2SN"
                      },
                      {
                        "code": "898213:eastlondonfamilypr@justice.gov.uk",
                        "label": "East London Family Court - Westferry Circus (Westferry House), Part Ground, 6th And 7th Floors, 11 Westferry Circus, Canary Wharf, London, E14 4HE - E14 4HD"
                      },
                      {
                        "code": "735217:family.exeter.countycourt@justice.gov.uk",
                        "label": "Exeter Combined Court Centre - Southernhay Gardens, Exeter - EX1 1UH"
                      },
                      {
                        "code": "198592:family.gloucester.countycourt@justice.gov.uk",
                        "label": "Gloucestershire Family and Civil Court - Kimbrose Way, Gloucester Docks - GL1 2DE"
                      },
                      {
                        "code": "700596:",
                        "label": "Haverfordwest County and Family - Penffynnon, Hawthorn Rise - SA61 2AZ"
                      },
                      {
                        "code": "195520:hull.private.filing@justice.gov.uk",
                        "label": "Kingston-upon-Hull Combined Court Centre - The Combined Court Centre - HU1 2EZ"
                      },
                      {
                        "code": "195465:PLP.LINCOLN@justice.gov.uk",
                        "label": "Lincoln County Court and Family Court - High Street - LN5 7PS"
                      },
                      {
                        "code": "390932:",
                        "label": "Llanelli Law Courts - Town Hall Square, Llanelli - SA15 3AW"
                      },
                      {
                        "code": "487294:KentPRL@justice.gov.uk",
                        "label": "Medway County Court and Family Court - 47-67 High Street Chatham Kent - ME4 4DW"
                      },
                      {
                        "code": "366796:newcastle.c100applications@justice.gov.uk",
                        "label": "Newcastle Civil & Family Courts and Tribunals Centre - Barras Bridge, Newcastle-Upon-Tyne - NE99 1NA"
                      },
                      {
                        "code": "471569:family.peterborough.countycourt@justice.gov.uk",
                        "label": "Peterborough Combined Court Centre - Crown Buildings, Rivergate - PE1 1EJ"
                      },
                      {
                        "code": "846055:",
                        "label": "Port Talbot Justice Centre - Harbourside Road - SA13 1SB"
                      },
                      {
                        "code": "43104:family.southampton.countycourt@justice.gov.uk",
                        "label": "Southampton Combined Court Centre - The Courts of Justice, London Road - SO15 2XQ"
                      },
                      {
                        "code": "234946:",
                        "label": "Swansea Civil Justice Centre - Quay West, Quay Parade - SA1 1SP"
                      }
                    ]
                  },
                  "hearingTypes": {
                    "value": {
                      "code": "ABA5-2GA",
                      "label": "2nd Gatekeeping Appointment"
                    },
                    "list_items": [
                      {
                        "code": "ABA5-2GA",
                        "label": "2nd Gatekeeping Appointment"
                      },
                      {
                        "code": "ABA5-ALL",
                        "label": "Allocation"
                      },
                      {
                        "code": "ABA5-APL",
                        "label": "Appeal"
                      },
                      {
                        "code": "ABA5-APP",
                        "label": "Application"
                      },
                      {
                        "code": "ABA5-BRE",
                        "label": "Breach"
                      },
                      {
                        "code": "ABA5-CMC",
                        "label": "Case Management Conference"
                      },
                      {
                        "code": "ABA5-CMH",
                        "label": "Case Management Hearing"
                      },
                      {
                        "code": "ABA5-COM",
                        "label": "Committal"
                      },
                      {
                        "code": "ABA5-CON",
                        "label": "Conciliation"
                      },
                      {
                        "code": "ABA5-COS",
                        "label": "Costs"
                      },
                      {
                        "code": "ABA5-DIR",
                        "label": "Directions (First/Further)"
                      },
                      {
                        "code": "ABA5-DRA",
                        "label": "Dispute Resolution Appointment"
                      },
                      {
                        "code": "ABA5-FCM",
                        "label": "Further Case Management Hearing"
                      },
                      {
                        "code": "ABA5-FFH",
                        "label": "Full/Final hearing"
                      },
                      {
                        "code": "ABA5-FHD",
                        "label": "First Hearing Dispute Resolution Appointment (FHDRA)"
                      },
                      {
                        "code": "ABA5-FHR",
                        "label": "First Hearing"
                      },
                      {
                        "code": "ABA5-FOF",
                        "label": "Finding of Fact"
                      },
                      {
                        "code": "ABA5-GRH",
                        "label": "Ground Rules Hearing"
                      },
                      {
                        "code": "ABA5-HRA",
                        "label": "Human Rights Act Application"
                      },
                      {
                        "code": "ABA5-JMT",
                        "label": "Judgment"
                      },
                      {
                        "code": "ABA5-NEH",
                        "label": "Neutral Evaluation Hearing"
                      },
                      {
                        "code": "ABA5-PER",
                        "label": "Permission Hearing"
                      },
                      {
                        "code": "ABA5-PHR",
                        "label": "Pre Hearing Review"
                      },
                      {
                        "code": "ABA5-REV",
                        "label": "Review"
                      },
                      {
                        "code": "ABA5-SCF",
                        "label": "Settlement Conference"
                      },
                      {
                        "code": "ABA5-SGA",
                        "label": "Safeguarding Gatekeeping Appointment"
                      }
                    ]
                  },
                  "applicantName1": "John Doe (Applicant1)",
                  "applicantName2": "Jeremy Anderson (Applicant2)",
                  "applicantName3": "Martina Graham (Applicant3)",
                  "isCafcassCymru": "Yes",
                  "hearingChannels": {
                    "value": null,
                    "list_items": [
                      {
                        "code": "INTER",
                        "label": "In Person"
                      },
                      {
                        "code": "NA",
                        "label": "Not in Attendance"
                      },
                      {
                        "code": "ONPPRS",
                        "label": "On the Papers"
                      },
                      {
                        "code": "TEL",
                        "label": "Telephone"
                      },
                      {
                        "code": "VID",
                        "label": "Video"
                      }
                    ]
                  },
                  "respondentName1": "Mary Richards (Respondent1)",
                  "respondentName2": "Elise Lynn (Respondent2)",
                  "respondentName3": "David Carman (Respondent3)",
                  "applicantSolicitor1": "Legal Solicitor (Applicant1 solicitor)",
                  "applicantSolicitor2": "Legal Solicitor Jr (Applicant2 solicitor)",
                  "applicantSolicitor3": "Sr Legal Solicitor (Applicant3 solicitor)",
                  "cafcassHearingChannel": {
                    "value": null,
                    "list_items": [
                      {
                        "code": "INTER",
                        "label": "In Person"
                      },
                      {
                        "code": "NA",
                        "label": "Not in Attendance"
                      },
                      {
                        "code": "ONPPRS",
                        "label": "On the Papers"
                      },
                      {
                        "code": "TEL",
                        "label": "Telephone"
                      },
                      {
                        "code": "VID",
                        "label": "Video"
                      }
                    ]
                  },
                  "confirmedHearingDates": {
                    "value": null,
                    "list_items": [
                      {
                        "code": null,
                        "label": null
                      }
                    ]
                  },
                  "applicantHearingChannel1": {
                    "value": null,
                    "list_items": [
                      {
                        "code": "INTER",
                        "label": "In Person"
                      },
                      {
                        "code": "NA",
                        "label": "Not in Attendance"
                      },
                      {
                        "code": "ONPPRS",
                        "label": "On the Papers"
                      },
                      {
                        "code": "TEL",
                        "label": "Telephone"
                      },
                      {
                        "code": "VID",
                        "label": "Video"
                      }
                    ]
                  },
                  "applicantHearingChannel2": {
                    "value": null,
                    "list_items": [
                      {
                        "code": "INTER",
                        "label": "In Person"
                      },
                      {
                        "code": "NA",
                        "label": "Not in Attendance"
                      },
                      {
                        "code": "ONPPRS",
                        "label": "On the Papers"
                      },
                      {
                        "code": "TEL",
                        "label": "Telephone"
                      },
                      {
                        "code": "VID",
                        "label": "Video"
                      }
                    ]
                  },
                  "applicantHearingChannel3": {
                    "value": null,
                    "list_items": [
                      {
                        "code": "INTER",
                        "label": "In Person"
                      },
                      {
                        "code": "NA",
                        "label": "Not in Attendance"
                      },
                      {
                        "code": "ONPPRS",
                        "label": "On the Papers"
                      },
                      {
                        "code": "TEL",
                        "label": "Telephone"
                      },
                      {
                        "code": "VID",
                        "label": "Video"
                      }
                    ]
                  },
                  "fillingFormRenderingInfo": "<details class='govuk-details'>\n\n<summary class='govuk-details__summary'>\n\n<span class='govuk-details__summary-text'>\n\nWhen should I fill this in?\n\n</span>\n\n</summary>\n\n<div class='govuk-details__text'>\n\n<p><strong>Only fill the following if you haven't requested the hearing yet</strong></p></br>\n\n</div>\n\n</details>",
                  "hearingListedLinkedCases": {
                    "value": null,
                    "list_items": [

                    ]
                  },
                  "hearingdataFromHearingTab": [

                  ],
                  "respondentHearingChannel1": {
                    "value": null,
                    "list_items": [
                      {
                        "code": "INTER",
                        "label": "In Person"
                      },
                      {
                        "code": "NA",
                        "label": "Not in Attendance"
                      },
                      {
                        "code": "ONPPRS",
                        "label": "On the Papers"
                      },
                      {
                        "code": "TEL",
                        "label": "Telephone"
                      },
                      {
                        "code": "VID",
                        "label": "Video"
                      }
                    ]
                  },
                  "respondentHearingChannel2": {
                    "value": null,
                    "list_items": [
                      {
                        "code": "INTER",
                        "label": "In Person"
                      },
                      {
                        "code": "NA",
                        "label": "Not in Attendance"
                      },
                      {
                        "code": "ONPPRS",
                        "label": "On the Papers"
                      },
                      {
                        "code": "TEL",
                        "label": "Telephone"
                      },
                      {
                        "code": "VID",
                        "label": "Video"
                      }
                    ]
                  },
                  "respondentHearingChannel3": {
                    "value": null,
                    "list_items": [
                      {
                        "code": "INTER",
                        "label": "In Person"
                      },
                      {
                        "code": "NA",
                        "label": "Not in Attendance"
                      },
                      {
                        "code": "ONPPRS",
                        "label": "On the Papers"
                      },
                      {
                        "code": "TEL",
                        "label": "Telephone"
                      },
                      {
                        "code": "VID",
                        "label": "Video"
                      }
                    ]
                  },
                  "cafcassCymruHearingChannel": {
                    "value": null,
                    "list_items": [
                      {
                        "code": "INTER",
                        "label": "In Person"
                      },
                      {
                        "code": "NA",
                        "label": "Not in Attendance"
                      },
                      {
                        "code": "ONPPRS",
                        "label": "On the Papers"
                      },
                      {
                        "code": "TEL",
                        "label": "Telephone"
                      },
                      {
                        "code": "VID",
                        "label": "Video"
                      }
                    ]
                  },
                  "hearingDateConfirmOptionEnum": "dateToBeFixed",
                  "localAuthorityHearingChannel": {
                    "value": null,
                    "list_items": [
                      {
                        "code": "INTER",
                        "label": "In Person"
                      },
                      {
                        "code": "NA",
                        "label": "Not in Attendance"
                      },
                      {
                        "code": "ONPPRS",
                        "label": "On the Papers"
                      },
                      {
                        "code": "TEL",
                        "label": "Telephone"
                      },
                      {
                        "code": "VID",
                        "label": "Video"
                      }
                    ]
                  },
                  "applicantSolicitorHearingChannel1": {
                    "value": null,
                    "list_items": [
                      {
                        "code": "INTER",
                        "label": "In Person"
                      },
                      {
                        "code": "NA",
                        "label": "Not in Attendance"
                      },
                      {
                        "code": "ONPPRS",
                        "label": "On the Papers"
                      },
                      {
                        "code": "TEL",
                        "label": "Telephone"
                      },
                      {
                        "code": "VID",
                        "label": "Video"
                      }
                    ]
                  },
                  "applicantSolicitorHearingChannel2": {
                    "value": null,
                    "list_items": [
                      {
                        "code": "INTER",
                        "label": "In Person"
                      },
                      {
                        "code": "NA",
                        "label": "Not in Attendance"
                      },
                      {
                        "code": "ONPPRS",
                        "label": "On the Papers"
                      },
                      {
                        "code": "TEL",
                        "label": "Telephone"
                      },
                      {
                        "code": "VID",
                        "label": "Video"
                      }
                    ]
                  },
                  "applicantSolicitorHearingChannel3": {
                    "value": null,
                    "list_items": [
                      {
                        "code": "INTER",
                        "label": "In Person"
                      },
                      {
                        "code": "NA",
                        "label": "Not in Attendance"
                      },
                      {
                        "code": "ONPPRS",
                        "label": "On the Papers"
                      },
                      {
                        "code": "TEL",
                        "label": "Telephone"
                      },
                      {
                        "code": "VID",
                        "label": "Video"
                      }
                    ]
                  },
                  "additionalDetailsForHearingDateOptions": "dacda"
                }
              }
            ],
            "isOrderUploadedByJudgeOrAdmin": "No"
          }
        },
        {
          "id": "7e15be92-3bf1-4fbb-b7a3-6b50d4ab1a5b",
          "value": {
            "orderType": "blankOrderOrDirections",
            "childOption": {
              "value": null,
              "list_items": [
                {
                  "code": "ccd99bd3-29b8-4df5-93d6-b0a622ce033a",
                  "label": "Joe Doe (Child 1)"
                },
                {
                  "code": "cbb66702-223f-42eb-93a0-b2146bc039e0",
                  "label": "Simon Anderson (Child 2)"
                },
                {
                  "code": "55af15c9-d969-4a1a-8a72-657dcbe56d27",
                  "label": "Lilly Anderson (Child 3)"
                },
                {
                  "code": "2a147297-0dfc-467a-99d5-68db0e7e9411",
                  "label": "Charlotte Saxon (Child 4)"
                },
                {
                  "code": "fe50ccdc-b7fd-48ce-9853-454e8c484a78",
                  "label": "Selena Lees (Child 5)"
                }
              ]
            },
            "orderTypeId": "Blank order or directions (C21)",
            "childrenList": "Joe Doe (Child 1), Simon Anderson (Child 2), Lilly Anderson (Child 3), Charlotte Saxon (Child 4), Selena Lees (Child 5)",
            "otherDetails": {
              "status": "Drafted by Solicitor",
              "dateCreated": "2024-01-20T14:01:03.844860",
              "orderCreatedBy": "AAT Solicitor",
              "isJudgeApprovalNeeded": "Yes",
              "nameOfLaForReviewOrder": "null",
              "nameOfJudgeForReviewOrder": "null"
            },
            "dateOrderMade": "2024-01-20",
            "orderDocument": {
              "category_id": null,
              "document_url": "http://dm-store-aat.service.core-compute-aat.internal/documents/788b59a5-de26-4d4f-8fe0-84c3cf83ae8b",
              "document_filename": "Blank_Order_Directions_C21_Draft.pdf",
              "document_binary_url": "http://dm-store-aat.service.core-compute-aat.internal/documents/788b59a5-de26-4d4f-8fe0-84c3cf83ae8b/binary",
              "document_creation_date": null
            },
            "orderCreatedBy": "SOLICITOR",
            "c21OrderOptions": "c21ApplicationRefused",
            "orderDocumentWelsh": {
              "category_id": null,
              "document_url": "http://dm-store-aat.service.core-compute-aat.internal/documents/68db069a-3b8f-400a-aeea-9cfe82cb73ef",
              "document_filename": "Welsh_Blank_Order_Directions_C21_Draft.pdf",
              "document_binary_url": "http://dm-store-aat.service.core-compute-aat.internal/documents/68db069a-3b8f-400a-aeea-9cfe82cb73ef/binary",
              "document_creation_date": null
            },
            "orderSelectionType": "draftAnOrder",
            "isTheOrderByConsent": "Yes",
            "isOrderCreatedBySolicitor": "Yes",
            "isTheOrderAboutAllChildren": "Yes",
            "wasTheOrderApprovedAtHearing": "No",
            "isOrderUploadedByJudgeOrAdmin": "No"
          }
        }
      ],
      "childrenSubjectOfChildProtectionPlan": "no",
      "newAgreeChildSupervisedTime": "No",
      "paymentServiceRequestReferenceNumber": "2024-1705758824048",
      "feeAmount": "£232.00",
      "orderNameForSolicitorCreatedOrder": "Blank order or directions (C21) - 20 Jan 2024, 02:01 PM",
      "reasonForTransferToAnotherCourt": [
        "anotherReason"
      ],
      "localCourtAdmin": [
        {
          "id": "0f1988fa-bcb7-438f-879d-2128630e265d",
          "value": {
            "email": null
          }
        }
      ],
      "orderCollection": [
      ],
      "caseTypeOfApplication": "C100",
      "whichChildrenAreRiskPhysicalAbuse": null,
      "newOrdersForcedMarriageProtectionCurrent": null,
      "applicantName": "John Doe",
      "newOrdersOccupationDocument": null,
      "newChildAbductionReasons": "Details about why children may be abducted",
      "newOrdersRestrainingCurrent": null,
      "newOrdersOccupationDateIssued": null,
      "selectedCaseTypeID": "C100",
      "respondentTaskListA": "",
      "respondentTaskListB": "",
      "otherProceedingEmptyTable": {
        "otherProceedingEmptyField": " "
      },
      "respondentTaskListC": "",
      "courtEmailAddress": null,
      "respondentTaskListD": "",
      "transferredCourtFrom": "Swansea Civil And Family Justice Centre",
      "respondentTaskListE": "",
      "applicationPermissionRequiredReason": null,
      "dateSubmitted": "2024-01-20",
      "otherPeopleInTheCaseRevisedTable": [
        {
          "id": "173f06d7-d0d6-44b1-881f-d2391da638d9",
          "value": {
            "email": "This information is to be kept confidential",
            "gender": "male",
            "address": {
              "County": null,
              "Country": null,
              "PostCode": null,
              "PostTown": null,
              "AddressLine1": null,
              "AddressLine2": null,
              "AddressLine3": null
            },
            "lastName": "Nolan",
            "firstName": "Sam",
            "dateOfBirth": null,
            "otherGender": null,
            "phoneNumber": null,
            "placeOfBirth": null,
            "previousName": null,
            "isDateOfBirthKnown": "No",
            "isPlaceOfBirthKnown": "No",
            "isAddressConfidential": null,
            "isCurrentAddressKnown": "No",
            "canYouProvidePhoneNumber": "No",
            "canYouProvideEmailAddress": "Yes",
            "isAtAddressLessThan5Years": "No",
            "isPhoneNumberConfidential": "No",
            "isEmailAddressConfidential": "Yes",
            "addressLivedLessThan5YearsDetails": null
          }
        }
      ],
      "newOrdersOtherInjunctiveDocument": null,
      "isWithdrawRequestSent": "Approved",
      "caseStatus": {
        "state": "Hearing"
      },
      "newOrdersRestraining": "No",
      "caRespondent3": {
        "lastName": "Carman",
        "firstName": "David"
      },
      "caRespondent2": {
        "lastName": "Lynn",
        "firstName": "Elise"
      },
      "finalWelshDocument": {
        "category_id": null,
        "document_url": "http://dm-store-aat.service.core-compute-aat.internal/documents/ff325522-5233-4bf5-a586-603390f3f29f",
        "document_filename": "C100FinalDocumentWelsh.pdf",
        "document_binary_url": "http://dm-store-aat.service.core-compute-aat.internal/documents/ff325522-5233-4bf5-a586-603390f3f29f/binary",
        "document_creation_date": null
      },
      "specialArrangementsLetter": {
        "document_url": "http://dm-store-aat.service.core-compute-aat.internal/documents/7e30620a-43a9-4c08-84f9-9b338f215319",
        "document_binary_url": "http://dm-store-aat.service.core-compute-aat.internal/documents/7e30620a-43a9-4c08-84f9-9b338f215319/binary",
        "document_filename": "Test doc4.pdf"
      },
      "sentDocumentPlaceHolder": "<details class='govuk-details'>\n\n<summary class='govuk-details__summary'>\n\n<h3 class='govuk-details__summary-text'>\n\nDocuments served in the pack\n\n</h3>\n\n</summary>\n\n<div class='govuk-details__text'>\n\nCertain documents will be automatically included in the pack this is served on parties(the people in the case)\n\nThis includes\n\n<ul><li>C100</li><li>C1A</li><li>C7</li><li>C1A (if applicable)</li><li>C8 (Cafcass/Cafcass Cymru, if applicable)</li>\n\n<li>Any orders and hearing notices created at the initial gatekeeping stage</li></ul>\n\nYou do not need to upload these documents yourself\n\n</div>\n\n</details>",
      "serviceOfApplicationScreen1": {
        "value": [
          {
            "code": "2a663b27-3ff3-4b51-964a-18360bfc10b3",
            "label": "Child arrangements, specific issue or prohibited steps order (C43) - 20 Jan 2024"
          },
          {
            "code": "c99eee30-34e3-4f35-84e2-be8077c2e88d",
            "label": "Standard directions order - 20 Jan 2024"
          }
        ],
        "list_items": [
          {
            "code": "2a663b27-3ff3-4b51-964a-18360bfc10b3",
            "label": "Child arrangements, specific issue or prohibited steps order (C43) - 20 Jan 2024"
          },
          {
            "code": "c99eee30-34e3-4f35-84e2-be8077c2e88d",
            "label": "Standard directions order - 20 Jan 2024"
          }
        ]
      },
      "ordersApplyingFor": [
        "childArrangementsOrder",
        "prohibitedStepsOrder",
        "specificIssueOrder"
      ],
      "caRespondent5Policy": {
        "Organisation": {

        },
        "OrgPolicyReference": null,
        "OrgPolicyCaseAssignedRole": "[C100RESPONDENTSOLICITOR5]"
      },
      "caseSubmittedTimeStamp": "2024-01-20T13:53:35.450466753Z",
      "caApplicant3": {
        "lastName": "Graham",
        "firstName": "Martina"
      },
      "caApplicant2": {
        "lastName": "Anderson",
        "firstName": "Jeremy"
      },
      "caApplicant1": {
        "lastName": "Doe",
        "firstName": "John"
      },
      "c100ConfidentialityStatementDisclaimer": [
        "confidentialityStatementUnderstood"
      ],
      "c1ADraftDocument": {
        "category_id": null,
        "document_url": "http://dm-store-aat.service.core-compute-aat.internal/documents/245532ad-84d5-49b9-a1a1-aa159dda3422",
        "document_filename": "C1A_DocumentDraft.pdf",
        "document_binary_url": "http://dm-store-aat.service.core-compute-aat.internal/documents/245532ad-84d5-49b9-a1a1-aa159dda3422/binary",
        "document_creation_date": null
      },
      "caseworkerEmailAddress": "aloknath.datta@hmcts.net",
      "effortsMadeWithRespondents": null,
      "id": 1705758728623512,
      "newAbductionPassportOfficeNotified": "No",
      "courtId": "234946",
      "areRespondentsAwareOfProceedings": "No",
      "newAllegationsOfHarmChildAbuseYesNo": "Yes",
      "soaServeToRespondentOptions": "Yes",
      "newAbductionPreviousPoliceInvolvementDetails": null,
      "declarationTable": {
        "agreedBy": "AAT Solicitor",
        "declarationText": "I understand that proceedings for contempt of court may be brought against anyone who makes, or causes to be made, a false statement in a document verified by a statement of truth without an honest belief in its truth. The applicant believes that the facts stated in this form and any continuation sheets are true. AAT Solicitor is authorised by the applicant to sign this statement."
      },
      "orderNameForJudgeCreatedOrder": "Notice of proceedings (C6a) (Notice to non-parties) - 20 Jan 2024, 03:08 PM",
      "newAbductionChildHasPassport": "No",
      "newOrdersOccupationCaseNumber": null,
      "consentOrder": "No",
      "claimingExemptionMiam": "Yes",
      "typeOfC21Order": "",
      "newAllegationsOfHarmSubstanceAbuseYesNo": "Yes",
      "courtSeal": "[userImage:familycourtseal-bilingual.png]",
      "newChildrenLocationNow": "Unknown whereabouts of the children",
      "soaServingRespondentsOptionsCA": "applicantLegalRepresentative",
      "newOrdersOccupationCourtName": null,
      "childDetailsRevisedExtraTable": {
        "childrenKnownToLocalAuthority": "No",
        "childrenSubjectOfChildProtectionPlan": "No"
      },
      "newOrdersRestrainingCourtName": null,
      "unServedLaPack": {
        "partyIds": [

        ],
        "servedBy": "PRL Courtadmin",
        "packDocument": [

        ],
        "packCreatedDate": "2024-01-20T15:30:22.340977174"
      },
      "confidentialityDisclaimer": {
        "confidentialityChecksChecked": [
          "confidentialityChecksChecked"
        ]
      },
      "childrenConfidentialDetails": [

      ],
      "requestToForeignAuthority": "Yes",
      "newOrdersNonMolestationCourtName": null,
      "orderNameForAdminCreatedOrder": "Notice of proceedings (C6a) (Notice to non-parties) - 20 Jan 2024, 05:59 PM",
      "manageOrderHeader1": null,
      "isCaseUrgent": "No",
      "draftOrderDoc": null,
      "internationalElementTable": {
        "jurisdictionIssue": "Yes",
        "requestToForeignAuthority": "Yes",
        "jurisdictionIssueGiveReason": "Yes,",
        "habitualResidentInOtherState": "No",
        "requestToForeignAuthorityGiveReason": "Yes",
        "habitualResidentInOtherStateGiveReason": null
      },
      "newOrdersOccupation": "No",
      "soaIsOrderListEmpty": "No",
      "newOrdersOtherInjunctive": "No",
      "newOrdersNonMolestationEndDate": null,
      "miamTable": {
        "soleTraderName": null,
        "familyMediatorMiam": "No",
        "applicantAttendedMiam": "No",
        "claimingExemptionMiam": "Yes",
        "familyMediatorServiceName": null,
        "mediatorRegistrationNumber": null
      },
      "childAndApplicantsRelationTable": [
        {
          "id": "58896679-3312-41bf-9de7-51393568f2dd",
          "value": {
            "childFullName": "Joe Doe",
            "childLivesWith": "Yes",
            "applicantFullName": "John Doe",
            "childAndApplicantRelation": "father",
            "childAndApplicantRelationOtherDetails": null
          }
        },
        {
          "id": "400d91e4-22c1-4ebe-936d-f0f3ce2b4934",
          "value": {
            "childFullName": "Simon Anderson",
            "childLivesWith": "No",
            "applicantFullName": "John Doe",
            "childAndApplicantRelation": "stepFather",
            "childAndApplicantRelationOtherDetails": null
          }
        },
        {
          "id": "de4e6404-5987-493e-9adc-7e88a3079615",
          "value": {
            "childFullName": "Lilly Anderson",
            "childLivesWith": "No",
            "applicantFullName": "John Doe",
            "childAndApplicantRelation": "stepFather",
            "childAndApplicantRelationOtherDetails": null
          }
        },
        {
          "id": "26973a7f-5130-4d6c-b795-283b68ed6067",
          "value": {
            "childFullName": "Charlotte Saxon",
            "childLivesWith": "No",
            "applicantFullName": "John Doe",
            "childAndApplicantRelation": "stepFather",
            "childAndApplicantRelationOtherDetails": null
          }
        },
        {
          "id": "6399e550-036b-45b2-a2a7-a7383b6d2383",
          "value": {
            "childFullName": "Selena Lees",
            "childLivesWith": "No",
            "applicantFullName": "John Doe",
            "childAndApplicantRelation": "stepFather",
            "childAndApplicantRelationOtherDetails": null
          }
        },
        {
          "id": "8b085f79-45e2-4e7f-9c13-f4475ebb0255",
          "value": {
            "childFullName": "Joe Doe",
            "childLivesWith": "No",
            "applicantFullName": "Jeremy Anderson",
            "childAndApplicantRelation": "stepFather",
            "childAndApplicantRelationOtherDetails": null
          }
        },
        {
          "id": "0675a2cf-8140-4bbb-9158-3de85ea3dc3b",
          "value": {
            "childFullName": "Simon Anderson",
            "childLivesWith": "Yes",
            "applicantFullName": "Jeremy Anderson",
            "childAndApplicantRelation": "father",
            "childAndApplicantRelationOtherDetails": null
          }
        },
        {
          "id": "12800e6b-672c-4211-8aef-2c2039764c30",
          "value": {
            "childFullName": "Lilly Anderson",
            "childLivesWith": "Yes",
            "applicantFullName": "Jeremy Anderson",
            "childAndApplicantRelation": "father",
            "childAndApplicantRelationOtherDetails": null
          }
        },
        {
          "id": "3efa6785-7f4b-467f-abce-54cd356bdb22",
          "value": {
            "childFullName": "Charlotte Saxon",
            "childLivesWith": "No",
            "applicantFullName": "Jeremy Anderson",
            "childAndApplicantRelation": "stepFather",
            "childAndApplicantRelationOtherDetails": null
          }
        },
        {
          "id": "f675d61c-3c0f-44fc-839b-ebceeb007e44",
          "value": {
            "childFullName": "Selena Lees",
            "childLivesWith": "No",
            "applicantFullName": "Jeremy Anderson",
            "childAndApplicantRelation": "stepFather",
            "childAndApplicantRelationOtherDetails": null
          }
        },
        {
          "id": "98785fce-30b4-4477-9061-a9dbd235e3ef",
          "value": {
            "childFullName": "Joe Doe",
            "childLivesWith": "No",
            "applicantFullName": "Martina Graham",
            "childAndApplicantRelation": "stepMother",
            "childAndApplicantRelationOtherDetails": null
          }
        },
        {
          "id": "16b22d9a-bd68-475f-bf33-f0b3c8db1e04",
          "value": {
            "childFullName": "Simon Anderson",
            "childLivesWith": "No",
            "applicantFullName": "Martina Graham",
            "childAndApplicantRelation": "stepMother",
            "childAndApplicantRelationOtherDetails": null
          }
        },
        {
          "id": "73f4d1b9-86f1-4f1b-8ada-aed572e2718d",
          "value": {
            "childFullName": "Lilly Anderson",
            "childLivesWith": "No",
            "applicantFullName": "Martina Graham",
            "childAndApplicantRelation": "stepMother",
            "childAndApplicantRelationOtherDetails": null
          }
        },
        {
          "id": "e9bf1df7-bd40-48ca-b7d4-86f75356e2e4",
          "value": {
            "childFullName": "Charlotte Saxon",
            "childLivesWith": "No",
            "applicantFullName": "Martina Graham",
            "childAndApplicantRelation": "stepMother",
            "childAndApplicantRelationOtherDetails": null
          }
        },
        {
          "id": "0d308d4f-f17a-4948-a642-4b71c277c08e",
          "value": {
            "childFullName": "Selena Lees",
            "childLivesWith": "No",
            "applicantFullName": "Martina Graham",
            "childAndApplicantRelation": "mother",
            "childAndApplicantRelationOtherDetails": null
          }
        }
      ],
      "miamExemptionsTable": {
        "urgencyEvidence": "",
        "otherGroundsEvidence": "",
        "childProtectionEvidence": "The subject of enquiries by a local authority under section 47 of the Children Act 1989 Act",
        "reasonsForMiamExemption": "Domestic violence, Child Protection Concern",
        "domesticViolenceEvidence": "Evidence which demonstrates that a prospective party has been, or is at risk of being, the victim of domestic violence by another prospective party in the form of abuse which relates to financial matters.\nA letter from the Secretary of State for the Home Department confirming that a prospective party has been granted leave to remain in the United Kingdom under paragraph 289B of the Rules made by the Home Secretary under section 3(2) of the Immigration Act 1971, which can be found at https://www. gov.uk/guidance/immigration-rules/immigration-rules-index;",
        "previousAttendenceEvidence": ""
      },
      "allChildrenAreRiskFinancialAbuse": "No",
      "applicantCaseName": "John Doe Vs Mary Richards v2",
      "caApplicant4Policy": {
        "Organisation": {

        },
        "OrgPolicyReference": null,
        "OrgPolicyCaseAssignedRole": "[C100APPLICANTSOLICITOR4]"
      },
      "summaryTabForOrderAppliedFor": {
        "ordersApplyingFor": "Child Arrangements Order, Prohibited Steps Order, Specific Issue Order",
        "typeOfChildArrangementsOrder": "Spend time with order"
      },
      "languageRequirementApplicationNeedWelsh": "Yes",
      "newOrdersUndertakingInPlace": "Yes",
      "newOrdersOtherInjunctiveDateIssued": null,
      "respondentTaskList": "",
      "caseFromCourtNav": null,
      "draftOrderDocWelsh": null,
      "jurisdictionIssue": "Yes",
      "isWelshDocGen": "Yes",
      "isEngDocGen": "Yes",
      "isSpecificGateKeeperNeeded": "No",
      "courtList": {
        "value": {
          "code": "234946:",
          "label": "Swansea Civil Justice Centre - Quay West, Quay Parade - SA1 1SP"
        },
        "list_items": null
      },
      "childrenKnownToLocalAuthorityTextArea": null,
      "newAllegationsOfHarmYesNo": "Yes",
      "caseFlags": {
        "details": [

        ],
        "partyName": null,
        "roleOnCase": null
      },
      "isCafcass": null,
      "requestToForeignAuthorityGiveReason": "Yes",
      "typeOfChildArrangementsOrder": "spendTimeWithOrder",
      "applicantsConfidentialDetails": [
        {
          "id": "9cb3f7d4-6805-4383-a1ad-592b83174e3c",
          "value": {
            "email": "applicant1@example.net",
            "address": {

            },
            "lastName": "Doe",
            "firstName": "John",
            "phoneNumber": "07405123456"
          }
        },
        {
          "id": "33c71cd5-9acd-4894-a4b6-a673f1f1ee17",
          "value": {
            "email": "applicant2@example.net",
            "address": {
              "County": "",
              "Country": "United Kingdom",
              "PostCode": "SW1A 1AA",
              "PostTown": "London",
              "AddressLine1": "Buckingham Palace",
              "AddressLine2": "",
              "AddressLine3": ""
            },
            "lastName": "Anderson",
            "firstName": "Jeremy",
            "phoneNumber": "07405987654"
          }
        },
        {
          "id": "0db5b2a9-b847-41fa-9033-55ece47ff900",
          "value": {
            "email": "applicant3@example.net",
            "address": {
              "County": "",
              "Country": "United Kingdom",
              "PostCode": "SW1W 9TP",
              "PostTown": "London",
              "AddressLine1": "Victoria Coach Station Ltd",
              "AddressLine2": "164 Buckingham Palace Road",
              "AddressLine3": ""
            },
            "lastName": "Graham",
            "firstName": "Martina",
            "phoneNumber": "07405789123"
          }
        }
      ],
      "doYouNeedAWithoutNoticeHearing": "No",
      "c8WelshDraftDocument": {
        "category_id": null,
        "document_url": "http://dm-store-aat.service.core-compute-aat.internal/documents/a53f6937-ff3b-41a9-9b33-89f526fabb95",
        "document_filename": "C8Document_Draft_Welsh.pdf",
        "document_binary_url": "http://dm-store-aat.service.core-compute-aat.internal/documents/a53f6937-ff3b-41a9-9b33-89f526fabb95/binary",
        "document_creation_date": null
      },
      "c8DraftDocument": {
        "category_id": null,
        "document_url": "http://dm-store-aat.service.core-compute-aat.internal/documents/4ba35be3-2d06-4c4d-84e1-a72254aa480f",
        "document_filename": "C8DocumentDraft.pdf",
        "document_binary_url": "http://dm-store-aat.service.core-compute-aat.internal/documents/4ba35be3-2d06-4c4d-84e1-a72254aa480f/binary",
        "document_creation_date": null
      },
      "newOrdersOccupationCurrent": null,
      "newOrdersForcedMarriageProtectionEndDate": null,
      "allegationsOfHarmRevisedChildAbductionTable": {
        "newChildrenLocationNow": "Unknown whereabouts of the children",
        "newChildAbductionReasons": "Details about why children may be abducted",
        "newChildPassportPossession": null,
        "newPreviousAbductionThreats": "No",
        "newAbductionChildHasPassport": "No",
        "newChildHasMultiplePassports": null,
        "newAbductionPassportOfficeNotified": "No",
        "newPreviousAbductionThreatsDetails": null,
        "newAbductionPreviousPoliceInvolvement": "No",
        "newAbductionPreviousPoliceInvolvementDetails": null
      },
      "applicantSolicitorEmailAddress": "prl_aat_solicitor@mailinator.com",
      "courtName": "Swansea Civil And Family Justice Centre",
      "solicitorName": "AAT Solicitor",
      "newAllegationsOfHarmOtherConcernsCourtActions": "Very very concerning",
      "hearingUrgencyTable": {
        "isCaseUrgent": "No",
        "setOutReasonsBelow": null,
        "caseUrgencyTimeAndReason": null,
        "effortsMadeWithRespondents": null,
        "doYouNeedAWithoutNoticeHearing": "No",
        "areRespondentsAwareOfProceedings": "No",
        "reasonsForApplicationWithoutNotice": null,
        "doYouRequireAHearingWithReducedNotice": "No"
      },
      "doYouRequireAHearingWithReducedNotice": "No",
      "soaCafcassCymruServedOptions": "No",
      "newOrdersNonMolestationCurrent": null,
      "buffChildAndOtherPeopleRelations": [

      ],
      "caseInvites": [
        {
          "id": "0057cf3a-b1b8-4aee-b899-7297f60512c6",
          "value": {
            "partyId": "7663081e-778d-4317-b278-7642b740d317",
            "hasLinked": null,
            "accessCode": "7L9LS62V",
            "expiryDate": "2024-02-03",
            "isApplicant": "Yes",
            "invitedUserId": null,
            "caseInviteEmail": "applicant1@example.net"
          }
        },
        {
          "id": "51882336-43c1-4470-99ee-12b796a0c817",
          "value": {
            "partyId": "0016cff5-17f0-42af-bea4-0b04ca74c9ec",
            "hasLinked": null,
            "accessCode": "7D92HAX3",
            "expiryDate": "2024-02-03",
            "isApplicant": "Yes",
            "invitedUserId": null,
            "caseInviteEmail": "applicant2@example.net"
          }
        },
        {
          "id": "773466ed-28e6-4f83-a969-256fca7fb8a9",
          "value": {
            "partyId": "7e9028ba-534c-42bb-bb04-e67b6551b4bd",
            "hasLinked": null,
            "accessCode": "3B69THGR",
            "expiryDate": "2024-02-03",
            "isApplicant": "Yes",
            "invitedUserId": null,
            "caseInviteEmail": "applicant3@example.net"
          }
        },
        {
          "id": "b04fab63-4959-4edf-b6f4-57af4aaeb0a5",
          "value": {
            "partyId": "e406bcc3-3c91-45db-9dcc-3a5c14930851",
            "hasLinked": null,
            "accessCode": "3SSAZGVG",
            "expiryDate": "2024-02-03",
            "isApplicant": "No",
            "invitedUserId": null,
            "caseInviteEmail": "repondent1@example.net"
          }
        },
        {
          "id": "616686fd-d046-4758-8ce5-889a48baa03b",
          "value": {
            "partyId": "8d5140d5-18eb-4278-b41c-2a6fabdf4491",
            "hasLinked": null,
            "accessCode": "MKY9RBBD",
            "expiryDate": "2024-02-03",
            "isApplicant": "No",
            "invitedUserId": null,
            "caseInviteEmail": "respondent2@example.net"
          }
        },
        {
          "id": "770840c3-fb4f-4f85-bd47-05f3da8cd2e0",
          "value": {
            "partyId": "62614c4a-4faf-48c0-abfd-c579ef700fd4",
            "hasLinked": null,
            "accessCode": "NRJLDB6E",
            "expiryDate": "2024-02-03",
            "isApplicant": "No",
            "invitedUserId": null,
            "caseInviteEmail": "respondent3@example.net"
          }
        }
      ],
      "caApplicant3Policy": {
        "Organisation": {
          "OrganisationID": "QO4A1Q8",
          "OrganisationName": "FPRL-test-organisation"
        },
        "OrgPolicyReference": null,
        "OrgPolicyCaseAssignedRole": "[C100APPLICANTSOLICITOR3]"
      },
      "childFinancialAbuse": {
        "typeOfAbuse": "financialAbuse",
        "abuseNatureDescription": "Financial abuse nature of behaviour",
        "behavioursStartDateAndLength": "behaviour",
        "behavioursApplicantSoughtHelp": "Yes",
        "behavioursApplicantHelpSoughtWho": "Details about who they seek help from"
      },
      "newOrdersOtherInjunctiveCurrent": null,
      "newOrdersUndertakingInPlaceEndDate": "1978-09-01",
      "otherProceedingsForSummaryTab": [
        {
          "id": "2134ec42-cfb4-4bfc-96e1-b59fd077c627",
          "value": {
            "caseNumber": null,
            "nameOfCourt": null,
            "typeOfOrder": null
          }
        }
      ],
      "caseNameHmctsInternal": "John Doe Vs Mary Richards v2",
      "newAllegationsOfHarmDomesticAbuseYesNo": "Yes",
      "performingAction": "Create an order",
      "proceedToServing": "Yes",
      "newOrdersRestrainingCaseNumber": null,
      "allegationsOfHarmRevisedOrdersTable": {
        "occupationOrder": {

        },
        "restrainingOrder": {

        },
        "newOrdersOccupation": "No",
        "nonMolestationOrder": {

        },
        "newOrdersRestraining": "No",
        "otherInjunctiveOrder": {

        },
        "newOrdersNonMolestation": "No",
        "undertakingInPlaceOrder": {
          "endDate": "1978-09-01",
          "courtName": "SWAE",
          "caseNumber": "2132132321",
          "dateIssued": "1967-09-01",
          "orderCurrent": "Yes"
        },
        "newOrdersOtherInjunctive": "No",
        "newOrdersUndertakingInPlace": "Yes",
        "forcedMarriageProtectionOrder": {

        },
        "newOrdersForcedMarriageProtection": "No"
      }
    }
  },
  "event_id": "litigationCapacity"
}
