{
  "metaData": {
    "caseOrigin": "CourtNav",
    "courtNavApproved": true,
    "hasDraftOrder": true,
    "numberOfAttachments": 1,
    "courtSpecialRequirements": "234946"
  },
  "fl401": {
    "beforeStart": {
      "applicantHowOld": "eighteenOrOlder"
    },
    "situation": {
      "ordersAppliedFor": [
        "nonMolestationOrder",
        "occupationOrder"
      ],
      "ordersAppliedWithoutNotice": true,
      "ordersAppliedWithoutNoticeReason": [
        "riskOfSignificantHarm",
        "deterredFromPursuingApplication",
        "respondentDeliberatelyEvadingService"
      ],
      "ordersAppliedWithoutNoticeReasonDetails": "Ex mollitia officiis error inventore eum. Incidunt dolores adipisci earum quis non eaque. Cum est eaque voluptatem. Accusamus libero aut aliquid hic., Magni sapiente fugiat deleniti at earum dolores quasi. Libero ut optio nulla dolore. Id rerum architecto odio rerum. Nihil nihil sit ad quos et nihil eaque qui., Repellat autem perspiciatis ut nihil sed. Cumque blanditiis deserunt ea est. Veritatis voluptatem animi adipisci et. Voluptatem sed nulla ex repellendus aliquam quibusdam et., Optio quo nulla voluptas consequatur voluptatibus numquam vitae. Magnam est incidunt laboriosam officia mollitia recusandae dolores.",
      "bailConditionsOnRespondent": false,
      "additionalDetailsForCourt": "Recusandae nihil sunt eum incidunt veritatis. Ullam eum sint quo ut. Architecto ut repellat illo est. Quos sint ut suscipit."
    },
    "applicantDetails": {
      "applicantFirstName": "John",
      "applicantLastName": "Morgan",
      "applicantGender": "other",
      "applicantGenderOther": "Male,Female",
      "applicantDateOfBirth": {
        "day": 13,
        "month": 10,
        "year": 2001
      },
      "shareContactDetailsWithRespondent": true,
      "applicantAddress": {
        "addressLine1": "beatae repellendus soluta",
        "addressLine2": "ducimus laborum quam",
        "addressLine3": "aut commodi magnam",
        "postTown": "perferendis dolorem id",
        "postCode": "BN3 2BE"
      },
      "applicantEmailAddress": "butlerTony@example.net",
      "applicantPhoneNumber": "(0910) 9772047",
      "applicantPreferredContact": [
        "phone"
      ],
      "applicantContactInstructions": "Nobis consequatur ratione ratione facilis perferendis voluptatem neque maiores. Sint sint ut est quidem. Maiores sint necessitatibus voluptatem dolores tempore aut voluptatibus enim. Nulla expedita dolor rerum beatae eveniet nostrum quos.",
      "applicantHasLegalRepresentative": true
    },
    "respondentDetails": {
      "respondentFirstName": "dolores",
      "respondentLastName": "smith",
      "respondentOtherNames": "",
      "respondentDateOfBirth": {
        "day": 13,
        "month": 10,
        "year": 1986
      },
      "respondentLivesWithApplicant": true,
      "respondentAddress": {
        "addressLine1": "voluptatem dolorem vel",
        "addressLine2": "quo ratione maiores",
        "addressLine3": "cum voluptatum velit",
        "postTown": "sed temporibus aut",
        "postCode": "et at sint"
      },
      "respondentPhoneNumber": "+44(0)6899 95438",
      "respondentEmailAddress": "henry33@example.com"
    },
    "relationshipWithRespondent": {
      "relationshipDescription": "liveTogetherCouple",
      "relationshipStartDate": {
        "day": 1,
        "month": 1,
        "year": 1958
      },
      "anyChildren": true
    },
    "family": {
      "whoApplicationIsFor": "applicantOnly",
      "anyOngoingCourtProceedings": true,
      "ongoingCourtProceedings": [
        {
          "nameOfCourt": "rem cum provident",
          "caseNumber": "velit enim sunt",
          "caseType": "Unknown",
          "caseDetails": ""
        }
      ]
    },
    "respondentBehaviour": {
      "applyingForMonMolestationOrder": true,
      "stopBehaviourTowardsApplicant": [
        "harrasingOrIntimidating",
        "publishingAboutApplicant",
        "contactingApplicant",
        "damagingPossessions",
        "damagingHome",
        "comingNearWork",
        "comingNearHome"
      ],
      "stopBehaviourTowardsChildren": [
        "beingViolentOrThreatening",
        "contactingDirectly",
        "goingNearSchoolNursery"
      ],
      "stopBehaviourAnythingElse": "\r\n Please see draft order"
    },
    "theHome": {
      "applyingForOccupationOrder": true,
      "occupationOrderAddress": {
        "addressLine1": "ab sint est",
        "addressLine2": "voluptas debitis consequatur",
        "addressLine3": "eligendi quibusdam omnis",
        "postTown": "eveniet unde dolor",
        "postCode": "BN3 2BE"
      },
      "currentlyLivesAtAddress": [
        "applicant",
        "respondent",
        "children",
        "other"
      ],
      "currentlyLivesAtAddressOther": "Et animi dolores voluptatibus et consequatur similique. - Explicabo qui fuga nemo omnis porro., Dolorem maxime non vel est voluptates. - A animi ratione et soluta maxime sint eum sed., Neque omnis alias sapiente amet dolorum. - Ex dolorum adipisci optio et omnis voluptas eos., Voluptates sapiente aspernatur assumenda ducimus molestias. - Repudiandae rem eos ipsum., Ut placeat doloremque ipsam labore libero saepe provident. - Quae rerum velit voluptatum voluptate molestias., Dolor ad laudantium consectetur nihil in facere sit. - Adipisci quam molestiae ullam mollitia assumenda velit., Voluptatibus fugiat sit in laboriosam perspiciatis odio. - Laboriosam enim quae odit id fuga., Deserunt est suscipit aut eos qui velit. - Nulla facilis omnis id ipsa nam., Optio consequatur debitis non fuga et. - Nulla ut modi aut eius eum exercitationem illo., Est dolores consequuntur optio minus rerum omnis. - Et explicabo in repellendus blanditiis., Natus sequi vel earum dolor. - Sequi itaque aut aut rerum., ",
      "childrenSharedResponsibility": [
        {
          "fullName": "Ipsum temporibus aliquam dolores est.",
          "age": 35
        },
        {
          "fullName": "Culpa voluptatibus deleniti quibusdam officiis rerum.",
          "age": 28
        }
      ],
      "childrenApplicantResponsibility": [
        {
          "fullName": "Sit nihil beatae minima quo eum saepe.",
          "age": 33
        },
        {
          "fullName": "Voluptates rerum facilis dicta nulla quis ab.",
          "age": 36
        },
        {
          "fullName": "Aut voluptatem quod qui quam.",
          "age": 47
        },
        {
          "fullName": "Quia error molestiae dolorum eos deleniti aut nihil.",
          "age": 81
        },
        {
          "fullName": "Aut hic aut dignissimos aspernatur.",
          "age": 3
        },
        {
          "fullName": "Enim fuga repellendus ut et.",
          "age": 64
        },
        {
          "fullName": "Iste voluptatem et eum.",
          "age": 87
        },
        {
          "fullName": "Dignissimos id aliquam voluptatem voluptates debitis.",
          "age": 9
        },
        {
          "fullName": "Ratione natus ipsum blanditiis quibusdam.",
          "age": 99
        },
        {
          "fullName": "Dolore labore explicabo aut et.",
          "age": 30
        },
        {
          "fullName": "Mollitia ipsam est harum ipsam natus mollitia.",
          "age": 19
        },
        {
          "fullName": "Quasi dolores autem error dolores modi sed voluptate sed.",
          "age": 86
        },
        {
          "fullName": "Illum numquam aut amet ad.",
          "age": 11
        },
        {
          "fullName": "Esse et rerum itaque accusantium.",
          "age": 29
        }
      ],
      "propertySpeciallyAdapted": true,
      "propertySpeciallyAdaptedDetails": "Laborum repellat ullam aut doloremque ex quod amet consequatur. At ex aperiam autem provident temporibus. Et nobis odio modi architecto autem ut. Earum et sunt eos nostrum aut ex nesciunt.",
      "propertyHasMortgage": true,
      "namedOnMortgage": [
        "applicant",
        "respondent"
      ],
      "mortgageNumber": "id soluta placeat",
      "mortgageLenderName": "sit voluptate et",
      "mortgageLenderAddress": {
        "addressLine1": "amet cum perferendis",
        "addressLine2": "quis inventore aut",
        "addressLine3": "deserunt velit quod",
        "postTown": "similique voluptatibus molestiae",
        "postCode": "placeat quia u"
      },
      "propertyIsRented": false,
      "haveHomeRights": true,
      "wantToHappenWithLivingSituation": [
        "returnToHome",
        "respondentNotEnterHome",
        "respondentLimitInHome"
      ],
      "wantToHappenWithFamilyHome": [
        "respondentToPayRepairsMaintenance",
        "useOfFurnitureOrContents"
      ]
    },
    "goingToCourt": {
      "isInterpreterRequired": false,
      "anyDisabilityNeeds": false,
      "anySpecialMeasures": [
        "separateWaitingRoom",
        "seperateEntranceExit",
        "joinByVideoLink"
      ]
    },
    "statementOfTruth": {
      "declaration": [
        "applicantConfirm"
      ],
      "signature": "John Morgan",
      "signatureFullName": "John Morgan",
      "signatureDate": {
        "day": 13,
        "month": 10,
        "year": 2022
      },
      "representativeFirmName": "courtnav_application",
      "representativePositionHeld": "courtnav_application"
    },
    "goingToCourt": {
      "isInterpreterRequired": true,
      "interpreterLanguage": "polish",
      "interpreterDialect": "silesian",
      "anyDisabilityNeeds": true,
      "disabilityNeedsDetails": "wheelchair user",
      "anySpecialMeasures": [
        "separateWaitingRoom"
      ]
    }
  }
}
