{
  "case_details": {
    "id": "1648728532100631",
    "jurisdiction": "string",
    "state": "string",
    "case_type_id": "string",
    "created_date": "2023-03-16T14:16:14.104Z",
    "last_modified": "2023-03-16T14:16:14.104Z",
    "locked_by_user_id": 0,
    "security_level": 0,
    "case_data": {
      "additionalProp1": {},
      "additionalProp2": {},
      "additionalProp3": {},
      "selectedReasonsForListOnNotice":["childrenResideWithApplicantAndBothProtectedByNonMolestationOrder","noEvidenceOnRespondentSeekToFrustrateTheProcessIfTheyWereGivenNotice"],
      "selectedAndAdditionalReasons": "The child[ren] reside with applicant and both are protected by a Non-Molestation Order\\nThere is no evidence to suggest that the respondent seeks to remove the child[ren] from the applicant's care and therefore there is no genuine emergency\\ntestAdditionalReason",
      "isSpecificJudgeOrLegalAdviserNeeded": "No",
      "isJudgeOrLegalAdviser": null,
      "judgeNameAndEmail": null,
      "legalAdviserList": null,
      "tierOfJudiciary": "districtJudge",
      "caseTypeOfApplication": "C100",
      "applicants" : [{
        "id": "7663081e-778d-4317-b278-7642b740d317",
        "value": {
          "user": {
            "email": null,
            "idamId": null,
            "solicitorRepresented": null
          },
          "email": "applicant1@example.net",
          "gender": "male",
          "partyId": null,
          "dxNumber": null,
          "landline": null,
          "lastName": "Doe",
          "firstName": "John",
          "dateOfBirth": "1980-01-01",
          "otherGender": null,
          "phoneNumber": "07405123456",
          "placeOfBirth": "London",
          "previousName": null,
          "solicitorOrg": {
            "OrganisationID": "QO4A1Q8",
            "OrganisationName": "FPRL-test-organisation"
          },
          "partyLevelFlag": {
            "details": [],
            "partyName": "John Doe",
            "roleOnCase": "Applicant"
          },
          "sendSignUpLink": null,
          "solicitorEmail": "legal.solicitor@example.net",
          "isAddressUnknown": null,
          "solicitorAddress": {},
          "solicitorOrgUuid": "69d21c76-d7a5-4584-89be-647de99c3181",
          "solicitorPartyId": "062c37ba-3a86-4478-88a3-dffd29d03a64",
          "currentRespondent": null,
          "contactPreferences": null,
          "isDateOfBirthKnown": null,
          "solicitorReference": null,
          "solicitorTelephone": null,
          "isPlaceOfBirthKnown": null,
          "isDateOfBirthUnknown": null,
          "isAddressConfidential": "No",
          "isCurrentAddressKnown": null,
          "relationshipToChildren": null,
          "representativeLastName": "Solicitor",
          "representativeFirstName": "Legal",
          "canYouProvidePhoneNumber": null,
          "applicantPreferredContact": [],
          "canYouProvideEmailAddress": "Yes",
          "isAtAddressLessThan5Years": "No",
          "isPhoneNumberConfidential": "Yes",
          "isEmailAddressConfidential": "Yes",
          "applicantContactInstructions": null,
          "respondentLivedWithApplicant": null,
          "doTheyHaveLegalRepresentation": null,
          "addressLivedLessThan5YearsDetails": null,
          "otherPersonRelationshipToChildren": [],
          "isRemoveLegalRepresentativeRequested": null,
          "isAtAddressLessThan5YearsWithDontKnow": null
        }
      }],
      "id": "1648728532100631",
      "applicantCaseName": "John Doe Vs Mary Richards v2"
    },
    "security_classification": "PUBLIC",
    "callback_response_status": "string"
  },
  "case_details_before": {
    "callback_response_status": "string",
    "case_data": {},
    "case_type_id": "string",
    "created_date": "2022-03-15T15:02:33.880Z",
    "id": 0,
    "jurisdiction": "string",
    "last_modified": "2022-03-15T15:02:33.880Z",
    "locked_by_user_id": 0,
    "security_classification": "PRIVATE",
    "security_level": 0,
    "state": "string"
  },
  "event_id": "string"
}
