[
  {
    "sidam_id": null,
    "object_id": "162318ec-0d19-4ac6-8fd9-11640a03b504-test2",
    "known_as": "Ved",
    "surname": "Prakasscs",
    "full_name": "Ved Prakasscs",
    "post_nominals": "Mr",
    "email_id": "49933940EMP-@ejudiciary.net",
    "personal_code": "49933940",
    "appointments": [
      {
        "base_location_id": "1032",
        "epimms_id": "",
        "court_name": "Social Entitlement",
        "cft_region_id": null,
        "cft_region": null,
        "location_id": null,
        "location": null,
        "is_principal_appointment": "true",
        "appointment": "Tribunal Judge",
        "appointment_type": "Salaried",
        "service_code": "BBA3",
        "roles": [],
        "start_date": "2021-06-01",
        "end_date": null
      }
    ],
    "authorisations": [
      {
        "jurisdiction": "Authorisation Tribunals",
        "ticket_description": "03 - Disability Living Allowance",
        "ticket_code": "365",
        "service_codes": [
          "BBA3"
        ],
        "start_date": "2018-08-22T00:00",
        "end_date": "2021-05-31T00:00"
      },
      {
        "jurisdiction": "Authorisation Tribunals",
        "ticket_description": "First Tier - Social Entitlement",
        "ticket_code": "376",
        "service_codes": [],
        "start_date": "2018-08-22T00:00",
        "end_date": null
      },
      {
        "jurisdiction": "Authorisation Tribunals",
        "ticket_description": "Social Security and Child Support",
        "ticket_code": "357",
        "service_codes": [
          "BBA3"
        ],
        "start_date": "2018-08-22T00:00",
        "end_date": "2021-05-31T00:00"
      },
      {
        "jurisdiction": "Authorisation Tribunals",
        "ticket_description": "04 - Incapacity Benefit Employment Support",
        "ticket_code": "366",
        "service_codes": [
          "BBA3"
        ],
        "start_date": "2019-06-17T00:00",
        "end_date": "2035-04-21T00:00"
      },
      {
        "jurisdiction": "Authorisation Tribunals",
        "ticket_description": "01 - Social Security",
        "ticket_code": "364",
        "service_codes": [
          "BBA3"
        ],
        "start_date": "2022-08-31T00:00",
        "end_date": "2040-04-21T00:00"
      },
      {
        "jurisdiction": "Authorisation Tribunals",
        "ticket_description": "03 - Disability Living Allowance",
        "ticket_code": "365",
        "service_codes": [
          "BBA3"
        ],
        "start_date": "2019-06-17T00:00",
        "end_date": "2035-04-21T00:00"
      },
      {
        "jurisdiction": "Authorisation Tribunals",
        "ticket_description": "First Tier - Social Entitlement",
        "ticket_code": "376",
        "service_codes": [],
        "start_date": "2019-01-25T00:00",
        "end_date": null
      },
      {
        "jurisdiction": "Authorisation Tribunals",
        "ticket_description": "Social Security and Child Support",
        "ticket_code": "357",
        "service_codes": [
          "BBA3"
        ],
        "start_date": "2019-01-25T00:00",
        "end_date": null
      }
    ]
  }
]
