{
  "case_details": {
    "state": "AWAITING_SUBMISSION_TO_HMCTS",
    "id": "1647373355918192",
    "case_data": {
      "chooseSendOrReply": "SEND",
      "messageObject": {
        "senderEmail": "fprl_caseworker_solicitor@mailinator.com",
        "recipientEmail": null,
        "messageSubject": null,
        "messageUrgency": null
      },
      "applicantOrRespondentCaseName": "testString",
      "gatekeeper": [
        {
          "id": "f5fa0db3-502d-459f-9a7a-7bb7be08ce6b",
          "value": {
            "email": "test@email.com"
          }
        }
      ],
      "isCaseUrgent": "No",
      "id": 0,
      "applicantCaseName": "John Smith",
      "caseTypeOfApplication": "C100",
      "applicants": [
        {
          "id": "97e25c77-f915-4b4e-8436-89a0d1678813",
          "value": {
            "firstName": "test",
            "lastName": "data",
            "previousName": null,
            "dateOfBirth": "1989-11-30",
            "isDateOfBirthUnknown": null,
            "gender": "male",
            "otherGender": null,
            "placeOfBirth": "London",
            "address": {
              "AddressLine1": "Ministry Of Justice",
              "AddressLine2": "Seventh Floor 102 Petty France",
              "AddressLine3": "",
              "PostTown": "",
              "County": "",
              "Country": "",
              "PostCode": "RH117RQ"
            },
            "isAddressUnknown": null,
            "isAddressConfidential": "No",
            "isAtAddressLessThan5Years": "No",
            "addressLivedLessThan5YearsDetails": null,
            "canYouProvideEmailAddress": "Yes",
            "email": "applicant@test.com",
            "isEmailAddressConfidential": "No",
            "landline": null,
            "phoneNumber": "4635635636",
            "isPhoneNumberConfidential": "No",
            "relationshipToChildren": null,
            "isDateOfBirthKnown": null,
            "isCurrentAddressKnown": null,
            "canYouProvidePhoneNumber": null,
            "isPlaceOfBirthKnown": null,
            "solicitorOrg": {},
            "solicitorAddress": {
              "AddressLine1": null,
              "AddressLine2": null,
              "AddressLine3": null,
              "PostTown": null,
              "County": null,
              "Country": null,
              "PostCode": null
            },
            "dxNumber": null,
            "solicitorReference": null,
            "representativeFirstName": null,
            "representativeLastName": null,
            "isAtAddressLessThan5YearsWithDontKnow": null,
            "doTheyHaveLegalRepresentation": null,
            "sendSignUpLink": null,
            "solicitorEmail": null
          }
        }
      ],
      "applicantsFL401":
      {
          "firstName": "test",
          "lastName": "data",
          "previousName": null,
          "dateOfBirth": "1989-11-30",
          "isDateOfBirthUnknown": null,
          "gender": "male",
          "otherGender": null,
          "placeOfBirth": "London",
          "address": {
            "AddressLine1": "Ministry Of Justice",
            "AddressLine2": "Seventh Floor 102 Petty France",
            "AddressLine3": "",
            "PostTown": "",
            "County": "",
            "Country": "",
            "PostCode": "RH117RQ"
          },
          "isAddressUnknown": null,
          "isAddressConfidential": "No",
          "isAtAddressLessThan5Years": "No",
          "addressLivedLessThan5YearsDetails": null,
          "canYouProvideEmailAddress": "Yes",
          "email": "applicant@test.com",
          "isEmailAddressConfidential": "No",
          "landline": null,
          "phoneNumber": "4635635636",
          "isPhoneNumberConfidential": "No",
          "relationshipToChildren": null,
          "isDateOfBirthKnown": null,
          "isCurrentAddressKnown": null,
          "canYouProvidePhoneNumber": null,
          "isPlaceOfBirthKnown": null,
          "solicitorOrg": {},
          "solicitorAddress": {
            "AddressLine1": null,
            "AddressLine2": null,
            "AddressLine3": null,
            "PostTown": null,
            "County": null,
            "Country": null,
            "PostCode": null
          },
          "dxNumber": null,
          "solicitorReference": null,
          "representativeFirstName": null,
          "representativeLastName": null,
          "isAtAddressLessThan5YearsWithDontKnow": null,
          "doTheyHaveLegalRepresentation": null,
          "sendSignUpLink": null,
          "solicitorEmail": null
        },
      "children": [
        {
          "id": "f5fa0db3-502d-459f-9a7a-7bb7be08ce6b",
          "value": {
            "firstName": "Test",
            "lastName": "Child",
            "dateOfBirth": "2000-10-10",
            "isDateOfBirthUnknown": null,
            "gender": "male",
            "otherGender": null,
            "orderAppliedFor": [
              "childArrangementsOrder"
            ],
            "applicantsRelationshipToChild": "grandParent",
            "otherApplicantsRelationshipToChild": null,
            "respondentsRelationshipToChild": "mother",
            "otherRespondentsRelationshipToChild": null,
            "childLiveWith": [
              "anotherPerson",
              "respondent",
              "applicant"
            ],
            "childrenKnownToLocalAuthority": null,
            "childrenKnownToLocalAuthorityTextArea": null,
            "childrenSubjectOfChildProtectionPlan": null,
            "otherPersonWhoLivesWithChild": null,
            "isChildCurrentAddressKnown": "Yes",
            "childUnsupervisedTime": "No",
            "childContactFromOtherRecipients": "No",
            "relationshipToApplicant": null,
            "relationshipToRespondent": null
          }
        }
      ],
      "respondents": [
        {
          "id": "29959b30-f49e-483b-a963-d53a88a93209",
          "value": {
            "firstName": "Ball",
            "lastName": "Lowe",
            "previousName": null,
            "dateOfBirth": null,
            "isDateOfBirthUnknown": null,
            "gender": "female",
            "otherGender": null,
            "placeOfBirth": null,
            "address": {
              "AddressLine1": "Ministry Of Justice",
              "AddressLine2": "Seventh Floor 102 Petty France",
              "AddressLine3": "",
              "PostTown": "London",
              "County": "",
              "Country": "",
              "PostCode": "N14 5AL"
            },
            "isAddressUnknown": null,
            "isAddressConfidential": null,
            "isAtAddressLessThan5Years": null,
            "addressLivedLessThan5YearsDetails": null,
            "canYouProvideEmailAddress": "Yes",
            "email": "respondent@test.com",
            "isEmailAddressConfidential": "No",
            "landline": null,
            "phoneNumber": null,
            "isPhoneNumberConfidential": null,
            "relationshipToChildren": null,
            "isDateOfBirthKnown": "No",
            "isCurrentAddressKnown": "Yes",
            "canYouProvidePhoneNumber": "No",
            "isPlaceOfBirthKnown": "No",
            "solicitorOrg": {},
            "solicitorAddress": {
              "AddressLine1": null,
              "AddressLine2": null,
              "AddressLine3": null,
              "PostTown": null,
              "County": null,
              "Country": null,
              "PostCode": null
            },
            "dxNumber": null,
            "solicitorReference": null,
            "representativeFirstName": null,
            "representativeLastName": null,
            "isAtAddressLessThan5YearsWithDontKnow": "dontKnow",
            "doTheyHaveLegalRepresentation": "no",
            "sendSignUpLink": null,
            "solicitorEmail": null
          }
        }
      ],
      "manageOrdersOptions": "createAnOrder",
      "manageOrdersDocumentToAmend": {
        "document_url": "string",
        "document_binary_url": "string",
        "document_filename": "string",
        "document_hash": "string",
        "document_creation_date": "2023-01-23T11:05:27.265Z"
      },
      "manageOrdersAmendedOrder": {
        "document_url": "string",
        "document_binary_url": "string",
        "document_filename": "string",
        "document_hash": "string",
        "document_creation_date": "2023-01-23T11:05:27.265Z"
      },
      "amendOrderDynamicList": {
        "value": {
          "code": "69d21c76-d7a5-4584-89be-647de99c3181",
          "label": "string"
        },
        "list_items": [
          {
            "code": "69d21c76-d7a5-4584-89be-647de99c3181",
            "label": "string"
          }
        ]
      },
      "orderCollection": [
        {
          "id": "3fa85f64-5717-4562-b3fc-2c963f66afa6",
          "value": {
            "dateCreated": "2023-01-23T11:05:27.265Z",
            "typeOfOrder": "string",
            "doesOrderClosesCase": "Yes",
            "orderType": "string",
            "orderTypeId": "string",
            "orderDocument": {
              "document_url": "string",
              "document_binary_url": "string",
              "document_filename": "string",
              "document_hash": "string",
              "document_creation_date": "2023-01-23T11:05:27.265Z"
            },
            "orderDocumentWelsh": {
              "document_url": "string",
              "document_binary_url": "string",
              "document_filename": "string",
              "document_hash": "string",
              "document_creation_date": "2023-01-23T11:05:27.265Z"
            },
            "otherDetails": {
              "createdBy": "string",
              "orderCreatedDate": "string",
              "orderAmendedDate": "string",
              "orderMadeDate": "string",
              "orderRecipients": "string",
              "orderServedDate": "string"
            },
            "judgeNotes": "string",
            "adminNotes": "string",
            "serveOrderDetails": {
              "additionalDocuments": [
                {
                  "id": "3fa85f64-5717-4562-b3fc-2c963f66afa6",
                  "value": {
                    "document_url": "string",
                    "document_binary_url": "string",
                    "document_filename": "string",
                    "document_hash": "string",
                    "document_creation_date": "2023-01-23T11:05:27.265Z"
                  }
                }
              ],
              "serveOnRespondent": "Yes",
              "servingRespondent": "applicantLegalRepresentative",
              "cafcassServed": "Yes",
              "cafcassEmail": "string",
              "otherPartiesServed": "Yes",
              "postalInformation": [
                {
                  "id": "3fa85f64-5717-4562-b3fc-2c963f66afa6",
                  "value": {
                    "postalName": "string",
                    "postalAddress": {
                      "AddressLine1": "string",
                      "AddressLine2": "string",
                      "AddressLine3": "string",
                      "PostTown": "string",
                      "County": "string",
                      "Country": "string",
                      "PostCode": "string"
                    }
                  }
                }
              ],
              "emailInformation": [
                {
                  "id": "3fa85f64-5717-4562-b3fc-2c963f66afa6",
                  "value": {
                    "emailName": "string",
                    "emailAddress": "string"
                  }
                }
              ],
              "cafcassOrCymruNeedToProvideReport": "Yes",
              "cafcassCymruDocuments": [
                "safeGuardingLetter"
              ],
              "whenReportsMustBeFiled": "string",
              "orderEndsInvolvementOfCafcassOrCymru": "Yes"
            }
          }
        }
      ],
      "doYouWantToServeOrder": "Yes",
      "whatDoWithOrder": "saveAsDraft",
      "manageOrders": {

      }
    }
  },
  "event_id": "litigationCapacity"
}
