{
  "case_details": {
    "state": "JUDICIAL_REVIEW",
    "id": "1748881230535856",
    "case_data": {
      "id": 1748881230535856,
      "caseFlags": {
        "details": [
          {
            "id": "2f78d61d-0a38-4288-9a10-1b6bb012fe0b",
            "value": {
              "name": "Complex Case",
              "path": [
                {
                  "id": "d60813fa-0630-41f6-b94a-012fe46292fa",
                  "value": "Case"
                }
              ],
              "status": "Active",
              "name_cy": "Achos Cymhleth",
              "flagCode": "CF0002",
              "subTypeKey": null,
              "flagComment": "test",
              "subTypeValue": null,
              "flagComment_cy": null,
              "dateTimeCreated": "2025-06-09T11:02:09.598Z",
              "hearingRelevant": "Yes",
              "subTypeValue_cy": null,
              "otherDescription": null,
              "flagUpdateComment": "ttt",
              "availableExternally": "No",
              "otherDescription_cy": null
            }
          }
        ],
        "groupId": null,
        "partyName": null,
        "roleOnCase": null,
        "visibility": null
      },
      "caApplicant1InternalFlags": {
        "details": [
          {
            "id": "fb9b4c1d-a6e7-488d-8a8b-7e033d910956",
            "value": {
              "name": "Evidence by live link",
              "path": [
                {
                  "id": "f75b6c11-e063-44f8-9ef5-7ce78e20841c",
                  "value": "Party"
                },
                {
                  "id": "510763d4-f79c-437d-8846-5e6f489ebe6b",
                  "value": "Special measure"
                }
              ],
              "status": "<status>",
              "name_cy": "Tystiolaeth drwy gyswllt byw",
              "flagCode": "SM0003",
              "subTypeKey": null,
              "flagComment": "test",
              "subTypeValue": null,
              "flagComment_cy": null,
              "dateTimeCreated": "2025-06-10T09:08:23.351Z",
              "hearingRelevant": "Yes",
              "subTypeValue_cy": null,
              "otherDescription": null,
              "flagUpdateComment": "",
              "availableExternally": "No",
              "otherDescription_cy": null
            }
          },
          {
            "id": "130049ef-38ff-48d5-8d07-9e742ac85a11",
            "value": {
              "name": "Screening witness from accused",
              "path": [
                {
                  "id": "ecff55ac-896d-4f7f-a057-b9e6ed93f3d5",
                  "value": "Party"
                },
                {
                  "id": "71aec611-83c7-496c-923a-d42c73820fff",
                  "value": "Special measure"
                }
              ],
              "status": "Requested",
              "name_cy": "Sgrinio tyst rhag y diffynnydd",
              "flagCode": "SM0002",
              "subTypeKey": null,
              "flagComment": "testing",
              "subTypeValue": null,
              "flagComment_cy": null,
              "dateTimeCreated": "2025-06-09T17:01:21.508Z",
              "hearingRelevant": "Yes",
              "subTypeValue_cy": null,
              "otherDescription": null,
              "flagUpdateComment": "",
              "availableExternally": "No",
              "otherDescription_cy": null
            }
          }
        ],
        "groupId": "caApplicant1",
        "partyName": "John Doe",
        "roleOnCase": "Applicant 1",
        "visibility": "Internal"
      },
      "caApplicant2ExternalFlags": {
        "details": [],
        "groupId": "caApplicant2",
        "partyName": "Martina Graham",
        "roleOnCase": "Applicant 2",
        "visibility": "External"
      },
      "isCaseFlagsTaskCreated": "Yes",
      "selectedFlags": [],
      "caApplicant3ExternalFlags": {}
    }
  }
}
