{
  "case_details": {
    "state": "JUDICIAL_REVIEW",
    "id": "1748881230535856",
    "case_data": {
      "id": 1748881230535856,
      "caseNotes": [
        {
          "id": "d5a0814d-dceb-4a4d-865e-4a4a01e49474",
          "value": {
            "user": "Family Private law user",
            "subject": "Support needs request",
            "caseNote": "Italian interpreter",
            "dateAdded": "2025-06-02",
            "dateCreated": "2025-06-02T17:27:56.876821996"
          }
        },
        {
          "id": "5e3e4330-4314-4d0b-b3ae-5d08841cbcce",
          "value": {
            "user": "Family Private law user",
            "subject": "Support needs request",
            "caseNote": "Mexican interpreter required",
            "dateAdded": "2025-06-02",
            "dateCreated": "2025-06-02T17:16:46.227744028"
          }
        },
        {
          "id": "4dd0f818-c4ba-4d3e-859e-2b14eb95694f",
          "value": {
            "user": "Family Private law user",
            "subject": "Support needs request",
            "caseNote": "Korean interpreter required",
            "dateAdded": "2025-06-02",
            "dateCreated": "2025-06-02T16:38:06.614934858"
          }
        },
        {
          "id": "35c722be-9a07-4207-aa4c-93ae7fdd71eb",
          "value": {
            "user": "Family Private law user",
            "subject": "Support needs request",
            "caseNote": "Italian interpreter",
            "dateAdded": "2025-06-02",
            "dateCreated": "2025-06-02T16:27:44.593764142"
          }
        }
      ],
      "caseFlags": {
        "details": [
          {
            "id": "52aea386-8937-443e-9698-1ce3fe2ab95c",
            "value": {
              "name": "Urgent case",
              "path": [
                {
                  "id": "08d4e3f9-4e6d-4333-abf0-0ea31dafcc0c",
                  "value": "Case"
                }
              ],
              "status": "Requested",
              "name_cy": "Achos brys",
              "flagCode": "CF0007",
              "subTypeKey": null,
              "flagComment": "asdasf",
              "subTypeValue": null,
              "flagComment_cy": null,
              "dateTimeCreated": "2025-06-18T15:15:10.156Z",
              "hearingRelevant": "Yes",
              "subTypeValue_cy": null,
              "dateTimeModified": null,
              "otherDescription": null,
              "flagUpdateComment": "asdfas",
              "availableExternally": "No",
              "otherDescription_cy": null
            }
          }
        ],
        "groupId": null,
        "partyName": null,
        "roleOnCase": null,
        "visibility": null
      },
      "isCaseFlagsTaskCreated": "No",
      "selectedFlags": []
    }
  }
}

