{
    "events": [
      {
        "date": "2023-01-02",
      },
      {
        "date": "2023-04-07",
      },
      {
        "date": "2023-04-10",
      },
      {
        "date": "2023-04-21",
      },
      {
        "date": "2023-05-01",
      },
      {
        "date": "2023-05-08",
      },
      {
        "date": "2023-05-29",
      },
      {
        "date": "2023-08-28",
      },
      {
        "date": "2023-12-25",
      },
      {
        "date": "2023-12-26",
      },
      {
        "date": "2023-12-27",
      }
    ]
  }
}
