{
  "id": 1680049648878918,
  "jurisdiction": "PRIVATELAW",
  "case_type_id": "PRLAPPS",
  "created_date": "2023-03-29T00:27:28.863787",
  "last_modified": "2023-03-29T00:41:58.216103",
  "locked_by_user_id": null,
  "security_level": null,
  "case_data": {
    "c100RebuildMaim": "{\"miam_otherProceedings\":\"No\",\"miam_consent\":\"Yes\",\"miam_attendance\":\"No\",\"miam_validReason\":\"Yes\",\"miam_nonAttendanceReasons\":[\"domesticViolence\",\"childProtection\",\"urgentHearing\",\"previousMIAMOrExempt\",\"validExemption\"],\"miam_domesticAbuse\":[\"policeInvolvement\",\"courtInvolvement\",\"letterOfBeingVictim\",\"letterFromAuthority\",\"letterFromSupportService\",\"ILRDuetoDomesticAbuse\",\"financialAbuse\"],\"miam_domesticAbuse_policeInvolvement_subfields\":[\"evidenceOfSomeoneArrest\",\"evidenceOfPolice\"],\"miam_domesticAbuse_courtInvolvement_subfields\":[\"boundedByCourtAction\",\"protectionInjuction\"],\"miam_domesticAbuse_letterOfBeingVictim_subfields\":[\"letterFromHealthProfessional\"],\"miam_domesticAbuse_letterFromAuthority_subfields\":[\"letterFromMultiAgencyMember\"],\"miam_domesticAbuse_letterFromSupportService_subfields\":[\"letterFromDomesticViolenceAdvisor\"],\"miam_canProvideDomesticAbuseEvidence\":\"No\",\"miam_detailsOfDomesticAbuseEvidence\":\"Reasons why cannot provide evidence for domestic abuse\",\"miam_childProtectionEvidence\":\"localAuthority\",\"miam_urgency\":\"freedomPhysicalSafety\",\"miam_previousAttendance\":\"miamExamptionApplied\",\"miam_haveDocSignedByMediatorForPrevAttendance\":\"No\",\"miam_detailsOfEvidence\":\"Previous MIAM Attendance details\",\"miam_notAttendingReasons\":\"canNotAccessMediator\",\"miam_noMediatorReasons\":\"noAppointmentAvailable\",\"miam_noAppointmentAvailableDetails\":\"test\"}",
    "caseCreatedBy": "CITIZEN",
    "c100RebuildHearingWithoutNotice": "{\"hwn_hearingPart1\":\"No\"}",
    "c100RebuildOtherPersonsDetails": "{\"oprs_otherPersonCheck\":\"Yes\",\"oprs_otherPersons\":[{\"id\":\"97fbe7e3-a026-4d0a-b1dc-369166bc8680\",\"firstName\":\"Andrew\",\"lastName\":\"Smith\",\"personalDetails\":{\"dateOfBirth\":{\"year\":\"1990\",\"month\":\"01\",\"day\":\"01\"},\"isDateOfBirthUnknown\":\"\",\"approxDateOfBirth\":{\"day\":\"\",\"month\":\"\",\"year\":\"\"},\"gender\":\"Male\",\"otherGenderDetails\":\"\",\"hasNameChanged\":\"no\",\"previousFullName\":\"\"},\"address\":{\"AddressLine1\":\"\",\"AddressLine2\":\"\",\"PostTown\":\"\",\"County\":\"\",\"PostCode\":\"\",\"Country\":\"United Kingdom\"},\"relationshipDetails\":{\"relationshipToChildren\":[{\"childId\":\"13019382-18ca-4f1c-9caf-0555f432f5a6\",\"relationshipType\":\"Other\",\"otherRelationshipTypeDetails\":\"Uncle\"},{\"childId\":\"2827203b-baa9-480f-a8c9-4dd8a3a7fec0\",\"relationshipType\":\"Other\",\"otherRelationshipTypeDetails\":\"Uncle\"}]},\"contactDetails\":{\"donKnowEmailAddress\":\"No\",\"emailAddress\":\"\",\"telephoneNumber\":\"\",\"donKnowTelephoneNumber\":\"No\"},\"addressUnknown\":\"Yes\",\"liveInRefuge\":\"No\",\"isOtherPersonAddressConfidential\":\"No\"}]}",
    "taskList": "<div class='width-50'>\n\n<br/>\n\n## Add application details\n\n<hr class='govuk-!-margin-top-3 govuk-!-margin-bottom-2'/>\n\n<a href='/cases/case-details/${[CASE_REFERENCE]}/trigger/caseName/caseName1'>Case name</a><img align='right' height='25px' src='https://raw.githubusercontent.com/hmcts/prl-cos-api/master/resources/not-started.png' title='Not started'/>\n\n<hr class='govuk-!-margin-top-3 govuk-!-margin-bottom-2'/>\n\n<a href='/cases/case-details/${[CASE_REFERENCE]}/trigger/selectApplicationType/selectApplicationType1'>Type of application</a><img align='right' height='25px' src='https://raw.githubusercontent.com/hmcts/prl-cos-api/master/resources/not-started.png' title='Not started'/>\n\n<hr class='govuk-!-margin-top-3 govuk-!-margin-bottom-2'/>\n\n<a href='/cases/case-details/${[CASE_REFERENCE]}/trigger/hearingUrgency/hearingUrgency1'>Hearing urgency</a><img align='right' height='25px' src='https://raw.githubusercontent.com/hmcts/prl-cos-api/master/resources/not-started.png' title='Not started'/>\n\n<hr class='govuk-!-margin-top-3 govuk-!-margin-bottom-2'/>\n\n<br/>\n\n## Add people to the case\n\n<hr class='govuk-!-margin-top-3 govuk-!-margin-bottom-2'/>\n\n<a href='/cases/case-details/${[CASE_REFERENCE]}/trigger/applicantsDetails/applicantsDetails1'>Applicant details</a><img align='right' height='25px' src='https://raw.githubusercontent.com/hmcts/prl-cos-api/master/resources/not-started.png' title='Not started'/>\n\n<hr class='govuk-!-margin-top-3 govuk-!-margin-bottom-2'/>\n\n<a href='/cases/case-details/${[CASE_REFERENCE]}/trigger/childDetails/childDetails1'>Child details</a><img align='right' height='25px' src='https://raw.githubusercontent.com/hmcts/prl-cos-api/master/resources/not-started.png' title='Not started'/>\n\n<hr class='govuk-!-margin-top-3 govuk-!-margin-bottom-2'/>\n\n<a href='/cases/case-details/${[CASE_REFERENCE]}/trigger/respondentsDetails/respondentsDetails1'>Respondent details</a><img align='right' height='25px' src='https://raw.githubusercontent.com/hmcts/prl-cos-api/master/resources/not-started.png' title='Not started'/>\n\n<hr class='govuk-!-margin-top-3 govuk-!-margin-bottom-2'/>\n\n<br/>\n\n## Add required details\n\n<hr class='govuk-!-margin-top-3 govuk-!-margin-bottom-2'/>\n\n<a href='/cases/case-details/${[CASE_REFERENCE]}/trigger/allegationsOfHarm/allegationsOfHarm1'>Allegations of harm</a><img align='right' height='25px' src='https://raw.githubusercontent.com/hmcts/prl-cos-api/master/resources/not-started.png' title='Not started'/>\n\n<hr class='govuk-!-margin-top-3 govuk-!-margin-bottom-2'/>\n\n<br/>\n\n## MIAM details\n\n<div class='panel panel-border-wide govuk-!-font-size-16'>MIAM section is optional for final submit, if a consent order is uploaded and mandatory otherwise.</div>\n\n<hr class='govuk-!-margin-top-3 govuk-!-margin-bottom-2'/>\n\n<a href='/cases/case-details/${[CASE_REFERENCE]}/trigger/miam/miam1'>MIAM</a><img align='right' height='25px' src='https://raw.githubusercontent.com/hmcts/prl-cos-api/master/resources/not-started.png' title='Not started'/>\n\n<hr class='govuk-!-margin-top-3 govuk-!-margin-bottom-2'/>\n\n<br/>\n\n## Add additional information\n\n<div class='panel panel-border-wide govuk-!-font-size-16'>Only complete if relevant</div>\n\n<hr class='govuk-!-margin-top-3 govuk-!-margin-bottom-2'/>\n\n<a href='/cases/case-details/${[CASE_REFERENCE]}/trigger/otherPeopleInTheCase/otherPeopleInTheCase1'>Other people in the case</a><img align='right' height='25px' src='https://raw.githubusercontent.com/hmcts/prl-cos-api/master/resources/not-started.png' title='Not started'/>\n\n<hr class='govuk-!-margin-top-3 govuk-!-margin-bottom-2'/>\n\n<a href='/cases/case-details/${[CASE_REFERENCE]}/trigger/otherProceedings/otherProceedings1'>Other proceedings</a><img align='right' height='25px' src='https://raw.githubusercontent.com/hmcts/prl-cos-api/master/resources/not-started.png' title='Not started'/>\n\n<hr class='govuk-!-margin-top-3 govuk-!-margin-bottom-2'/>\n\n<a href='/cases/case-details/${[CASE_REFERENCE]}/trigger/attendingTheHearing/attendingTheHearing1'>Attending the hearing</a><img align='right' height='25px' src='https://raw.githubusercontent.com/hmcts/prl-cos-api/master/resources/not-started.png' title='Not started'/>\n\n<hr class='govuk-!-margin-top-3 govuk-!-margin-bottom-2'/>\n\n<a href='/cases/case-details/${[CASE_REFERENCE]}/trigger/internationalElement/internationalElement1'>International element</a><img align='right' height='25px' src='https://raw.githubusercontent.com/hmcts/prl-cos-api/master/resources/not-started.png' title='Not started'/>\n\n<hr class='govuk-!-margin-top-3 govuk-!-margin-bottom-2'/>\n\n<a href='/cases/case-details/${[CASE_REFERENCE]}/trigger/litigationCapacity/litigationCapacity1'>Litigation capacity</a><img align='right' height='25px' src='https://raw.githubusercontent.com/hmcts/prl-cos-api/master/resources/not-started.png' title='Not started'/>\n\n<hr class='govuk-!-margin-top-3 govuk-!-margin-bottom-2'/>\n\n<a href='/cases/case-details/${[CASE_REFERENCE]}/trigger/welshLanguageRequirements/welshLanguageRequirements1'>Welsh language requirements</a><img align='right' height='25px' src='https://raw.githubusercontent.com/hmcts/prl-cos-api/master/resources/not-started.png' title='Not started'/>\n\n<hr class='govuk-!-margin-top-3 govuk-!-margin-bottom-2'/>\n\n<br/>\n\n## View PDF application\n\n<hr class='govuk-!-margin-top-3 govuk-!-margin-bottom-2'/>\n\n<a href='/cases/case-details/${[CASE_REFERENCE]}/trigger/viewPdfDocument/viewPdfDocument1'>View PDF application</a>\n\n<hr class='govuk-!-margin-top-3 govuk-!-margin-bottom-2'/>\n\n<br/>\n\n## Submit and pay\n\n<hr class='govuk-!-margin-top-3 govuk-!-margin-bottom-2'/>\n\n<a>Submit and pay</a><img align='right' height='25px' src='https://raw.githubusercontent.com/hmcts/prl-cos-api/master/resources/cannot-start-yet.png' title='Cannot start yet'/>\n\n<hr class='govuk-!-margin-top-3 govuk-!-margin-bottom-2'/>\n\n</div>\n\n<details class='govuk-details'>\n\n<summary class='govuk-details__summary'>\n\n<span class='govuk-details__summary-text'>\n\nWhy can't I submit my application?\n\n</span>\n\n</summary>\n\n<div class='govuk-details__text'>\n\nAdd details about the type of application in <a href='/cases/case-details/${[CASE_REFERENCE]}/trigger/selectApplicationType/selectApplicationType1'>Type of application</a>\n\nAdd hearing urgency details in <a href='/cases/case-details/${[CASE_REFERENCE]}/trigger/hearingUrgency/hearingUrgency1'>Hearing urgency</a>\n\nAdd applicant details in <a href='/cases/case-details/${[CASE_REFERENCE]}/trigger/applicantsDetails/applicantsDetails1'>Applicant details</a>\n\nAdd child details in <a href='/cases/case-details/${[CASE_REFERENCE]}/trigger/childDetails/childDetails1'>Child details</a>\n\nAdd respondent details in <a href='/cases/case-details/${[CASE_REFERENCE]}/trigger/respondentsDetails/respondentsDetails1'>Respondent details</a>\n\nAdd MIAM details in <a href='/cases/case-details/${[CASE_REFERENCE]}/trigger/miam/miam1'>MIAM</a>\n\nAdd details about allegations of harm in <a href='/cases/case-details/${[CASE_REFERENCE]}/trigger/allegationsOfHarm/allegationsOfHarm1'>Allegations of harm</a>\n\n</div>\n\n</details>",
    "c100RebuildRespondentDetails": "{\"resp_Respondents\":[{\"id\":\"17632c9d-8266-4917-ab0b-f510cda22d3b\",\"firstName\":\"Mary\",\"lastName\":\"Richards\",\"personalDetails\":{\"dateOfBirth\":{\"year\":\"1985\",\"month\":\"02\",\"day\":\"15\"},\"isDateOfBirthUnknown\":\"\",\"approxDateOfBirth\":{\"day\":\"\",\"month\":\"\",\"year\":\"\"},\"gender\":\"Female\",\"otherGenderDetails\":\"\",\"hasNameChanged\":\"no\",\"previousFullName\":\"\",\"respondentPlaceOfBirth\":\"London\",\"respondentPlaceOfBirthUnknown\":\"No\"},\"address\":{\"AddressLine1\":\"\",\"AddressLine2\":\"\",\"PostTown\":\"\",\"County\":\"\",\"PostCode\":\"\",\"Country\":\"United Kingdom\",\"addressHistory\":\"dontKnow\",\"provideDetailsOfPreviousAddresses\":\"\"},\"relationshipDetails\":{\"relationshipToChildren\":[{\"childId\":\"13019382-18ca-4f1c-9caf-0555f432f5a6\",\"relationshipType\":\"Mother\",\"otherRelationshipTypeDetails\":\"\"},{\"childId\":\"2827203b-baa9-480f-a8c9-4dd8a3a7fec0\",\"relationshipType\":\"Mother\",\"otherRelationshipTypeDetails\":\"\"}]},\"contactDetails\":{\"emailAddress\":\"respondent1@example.net\",\"telephoneNumber\":\"\",\"donKnowTelephoneNumber\":\"Yes\"},\"addressUnknown\":\"Yes\"},{\"id\":\"faa5273a-c413-4f8d-abde-4570c7230e74\",\"firstName\":\"David\",\"lastName\":\"Carmen\",\"personalDetails\":{\"dateOfBirth\":{\"year\":\"1986\",\"month\":\"01\",\"day\":\"01\"},\"isDateOfBirthUnknown\":\"\",\"approxDateOfBirth\":{\"day\":\"\",\"month\":\"\",\"year\":\"\"},\"gender\":\"Male\",\"otherGenderDetails\":\"\",\"hasNameChanged\":\"no\",\"previousFullName\":\"\",\"respondentPlaceOfBirth\":\"London\",\"respondentPlaceOfBirthUnknown\":\"Yes\"},\"address\":{\"AddressLine1\":\"\",\"AddressLine2\":\"\",\"PostTown\":\"\",\"County\":\"\",\"PostCode\":\"\",\"Country\":\"United Kingdom\",\"addressHistory\":\"dontKnow\",\"provideDetailsOfPreviousAddresses\":\"\"},\"relationshipDetails\":{\"relationshipToChildren\":[{\"childId\":\"13019382-18ca-4f1c-9caf-0555f432f5a6\",\"relationshipType\":\"Other\",\"otherRelationshipTypeDetails\":\"Other\"},{\"childId\":\"2827203b-baa9-480f-a8c9-4dd8a3a7fec0\",\"relationshipType\":\"Other\",\"otherRelationshipTypeDetails\":\"Other\"}]},\"contactDetails\":{\"emailAddress\":\"respondent2@example.net\",\"telephoneNumber\":\"\",\"donKnowTelephoneNumber\":\"Yes\"},\"addressUnknown\":\"Yes\"}]}",
    "c100RebuildReturnUrl": "/c100-rebuild/check-your-answers",
    "c100RebuildTypeOfOrder": "{\"too_courtOrder\":[\"whoChildLiveWith\",\"childTimeSpent\"],\"too_shortStatement\":\"Divorce application continued seperately\"}",
    "c100RebuildChildPostCode": "SW1H 9AJ",
    "caseTypeOfApplication": "C100",
    "CaseAccessCategory": "C100",
    "c100RebuildInternationalElements": "{\"ie_internationalStart\":\"No\",\"ie_internationalParents\":\"No\",\"ie_internationalJurisdiction\":\"No\",\"ie_internationalRequest\":\"No\"}",
    "c100RebuildHearingUrgency": "{\"hu_urgentHearingReasons\":\"No\"}",
    "c100RebuildReasonableAdjustments": "{\"ra_typeOfHearing\":[\"videoHearing\"],\"ra_languageNeeds\":[\"speakInWelsh\",\"readAndWriteInWelsh\"],\"ra_specialArrangements\":[\"separateWaitingRoom\"],\"ra_disabilityRequirements\":[\"documentsHelp\"],\"ra_documentInformation\":[\"brailleDocuments\",\"largePrintDocuments\"],\"ra_largePrintDocuments_subfield\":\"Large print\"}",
    "c100RebuildApplicantDetails": "{\"appl_allApplicants\":[{\"id\":\"41a2da5e-4200-43f5-b071-5864b4b0d9c8\",\"applicantFirstName\":\"John\",\"applicantLastName\":\"Doe\",\"detailsKnown\":\"No\",\"startAlternative\":\"Yes\",\"start\":\"\",\"contactDetailsPrivate\":[],\"contactDetailsPrivateAlternative\":[\"address\",\"telephone\"],\"relationshipDetails\":{\"relationshipToChildren\":[{\"childId\":\"13019382-18ca-4f1c-9caf-0555f432f5a6\",\"relationshipType\":\"Father\",\"otherRelationshipTypeDetails\":\"\"},{\"childId\":\"2827203b-baa9-480f-a8c9-4dd8a3a7fec0\",\"relationshipType\":\"Father\",\"otherRelationshipTypeDetails\":\"\"}]},\"personalDetails\":{\"haveYouChangeName\":\"No\",\"applPreviousName\":\"\",\"dateOfBirth\":{\"year\":\"1980\",\"month\":\"01\",\"day\":\"01\"},\"gender\":\"Male\",\"otherGenderDetails\":\"\",\"applicantPlaceOfBirth\":\"London\"},\"applicantContactDetail\":{\"canProvideEmail\":\"Yes\",\"emailAddress\":\"applicant1@example.net\",\"canProvideTelephoneNumber\":\"Yes\",\"telephoneNumber\":\"07405123456\",\"canNotProvideTelephoneNumberReason\":\"\",\"canLeaveVoiceMail\":\"Yes\",\"applicantContactPreferences\":\"email\"},\"applicantAddressPostcode\":\"SW1H 9AJ\",\"applicantAddress1\":\"102 MINISTRY OF JUSTICE, SEVENTH FLOOR, PETTY FRANCE\",\"applicantAddress2\":\"\",\"applicantAddressTown\":\"LONDON\",\"applicantAddressCounty\":\"CITY OF WESTMINSTER\",\"country\":\"United Kingdom\",\"applicantSelectedAddress\":0,\"applicantAddressHistory\":\"No\",\"applicantProvideDetailsOfPreviousAddresses\":\"\",\"liveInRefuge\":\"No\"},{\"id\":\"4da66e8a-c9b6-4919-9300-7a4b6b810c0d\",\"applicantFirstName\":\"Martina\",\"applicantLastName\":\"Graham\",\"detailsKnown\":\"No\",\"startAlternative\":\"Yes\",\"start\":\"\",\"contactDetailsPrivate\":[],\"contactDetailsPrivateAlternative\":[\"address\",\"telephone\"],\"relationshipDetails\":{\"relationshipToChildren\":[{\"childId\":\"13019382-18ca-4f1c-9caf-0555f432f5a6\",\"relationshipType\":\"Grandparent\",\"otherRelationshipTypeDetails\":\"\"},{\"childId\":\"2827203b-baa9-480f-a8c9-4dd8a3a7fec0\",\"relationshipType\":\"Grandparent\",\"otherRelationshipTypeDetails\":\"\"}]},\"personalDetails\":{\"haveYouChangeName\":\"No\",\"applPreviousName\":\"\",\"dateOfBirth\":{\"year\":\"1982\",\"month\":\"01\",\"day\":\"01\"},\"gender\":\"Female\",\"otherGenderDetails\":\"\",\"applicantPlaceOfBirth\":\"London\"},\"applicantContactDetail\":{\"canProvideEmail\":\"Yes\",\"emailAddress\":\"applicant2@example.net\",\"canProvideTelephoneNumber\":\"Yes\",\"telephoneNumber\":\"07405987654\",\"canNotProvideTelephoneNumberReason\":\"\",\"canLeaveVoiceMail\":\"Yes\",\"applicantContactPreferences\":\"email\"},\"applicantAddressPostcode\":\"SW1A 1AA\",\"applicantAddress1\":\"BUCKINGHAM PALACE\",\"applicantAddress2\":\"\",\"applicantAddressTown\":\"LONDON\",\"applicantAddressCounty\":\"CITY OF WESTMINSTER\",\"country\":\"United Kingdom\",\"applicantSelectedAddress\":0,\"applicantAddressHistory\":\"No\",\"applicantProvideDetailsOfPreviousAddresses\":\"\",\"liveInRefuge\":\"No\"}]}",
    "c100RebuildScreeningQuestions": "{\"sq_writtenAgreement\":\"No\",\"sq_alternativeRoutes\":\"No\",\"sq_legalRepresentation\":\"No\",\"sq_courtPermissionRequired\":\"No\"}",
    "c100RebuildChildDetails": "{\"cd_children\":[{\"id\":\"13019382-18ca-4f1c-9caf-0555f432f5a6\",\"firstName\":\"John\",\"lastName\":\"Smith\",\"personalDetails\":{\"dateOfBirth\":{\"year\":\"2020\",\"month\":\"01\",\"day\":\"01\"},\"isDateOfBirthUnknown\":\"\",\"approxDateOfBirth\":{\"day\":\"\",\"month\":\"\",\"year\":\"\"},\"gender\":\"Male\",\"otherGenderDetails\":\"\"},\"childMatters\":{\"needsResolution\":[\"whoChildLiveWith\",\"childTimeSpent\"]},\"parentialResponsibility\":{\"statement\":\"Parents\"},\"liveWith\":[{\"id\":\"41a2da5e-4200-43f5-b071-5864b4b0d9c8\",\"firstName\":\"John\",\"lastName\":\"Doe\",\"partyType\":\"applicant\"},{\"id\":\"17632c9d-8266-4917-ab0b-f510cda22d3b\",\"firstName\":\"Mary\",\"lastName\":\"Richards\",\"partyType\":\"respondent\"}],\"mainlyLiveWith\":{\"id\":\"41a2da5e-4200-43f5-b071-5864b4b0d9c8\",\"firstName\":\"John\",\"lastName\":\"Doe\",\"partyType\":\"applicant\"}},{\"id\":\"2827203b-baa9-480f-a8c9-4dd8a3a7fec0\",\"firstName\":\"Selena\",\"lastName\":\"Lees\",\"personalDetails\":{\"dateOfBirth\":{\"year\":\"2018\",\"month\":\"02\",\"day\":\"13\"},\"isDateOfBirthUnknown\":\"\",\"approxDateOfBirth\":{\"day\":\"\",\"month\":\"\",\"year\":\"\"},\"gender\":\"Female\",\"otherGenderDetails\":\"\"},\"childMatters\":{\"needsResolution\":[\"whoChildLiveWith\",\"childTimeSpent\"]},\"parentialResponsibility\":{\"statement\":\"Another person not listed\"},\"liveWith\":[{\"id\":\"97fbe7e3-a026-4d0a-b1dc-369166bc8680\",\"firstName\":\"Andrew\",\"lastName\":\"Smith\",\"partyType\":\"otherPerson\"}],\"mainlyLiveWith\":{\"id\":\"97fbe7e3-a026-4d0a-b1dc-369166bc8680\",\"firstName\":\"Andrew\",\"lastName\":\"Smith\",\"partyType\":\"otherPerson\"}}],\"cd_childrenKnownToSocialServices\":\"No\",\"cd_childrenSubjectOfProtectionPlan\":\"No\"}",
    "id": 1680049648878918,
    "c100RebuildHelpWithFeesDetails": "{\"hwf_needHelpWithFees\":\"No\"}",
    "c100RebuildOtherProceedings": "{\"op_childrenInvolvedCourtCase\":\"No\",\"op_courtOrderProtection\":\"No\"}",
    "c100RebuildOtherChildrenDetails": "{\"ocd_hasOtherChildren\":\"No\"}",
    "c100RebuildSafetyConcerns": "{\"c1A_haveSafetyConcerns\":\"Yes\",\"c1A_safetyConernAbout\":[\"children\"],\"c1A_concernAboutChild\":[\"physicalAbuse\"],\"c1A_safteyConcerns\":{\"child\":{\"physicalAbuse\":{\"childrenConcernedAbout\":[\"13019382-18ca-4f1c-9caf-0555f432f5a6\",\"2827203b-baa9-480f-a8c9-4dd8a3a7fec0\"],\"behaviourDetails\":\"Violent behaviour\",\"behaviourStartDate\":\"\",\"isOngoingBehaviour\":\"No\",\"seekHelpFromPersonOrAgency\":\"No\",\"seekHelpDetails\":\"\"}}},\"c1A_otherConcernsDrugs\":\"No\",\"c1A_childSafetyConcerns\":\"No\",\"c1A_keepingSafeStatement\":\"Restrain order\",\"c1A_supervisionAgreementDetails\":\"Yes\",\"c1A_agreementOtherWaysDetails\":\"Yes\"}"
  },
  "security_classification": "PUBLIC",
  "callback_response_status": null
}
