[
  {
    "courtCode": "827534",
    "courtName": "Aberystwyth Justice Centre",
    "courtField": "swanseaDFJCourt",
    "dfjArea": "SWANSEA"
  },
  {
    "courtCode": "101959",
    "courtName": "Carmarthen County Court and Family Court",
    "courtField": "swanseaDFJCourt",
    "dfjArea": "SWANSEA"
  },
  {
    "courtCode": "700596",
    "courtName": "Haverfordwest County Court and Family Court",
    "courtField": "swanseaDFJCourt",
    "dfjArea": "SWANSEA"
  },
  {
    "courtCode": "390932",
    "courtName": "Llanelli Justice Centre",
    "courtField": "swanseaDFJCourt",
    "dfjArea": "SWANSEA"
  },
  {
    "courtCode": "846055",
    "courtName": "Port Talbot Justice Centre",
    "courtField": "swanseaDFJCourt",
    "dfjArea": "SWANSEA"
  },
  {
    "courtCode": "234946",
    "courtName": "Swansea Civil Justice Centre",
    "courtField": "swanseaDFJCourt",
    "dfjArea": "SWANSEA"
  },
  {
    "courtCode": "478126",
    "courtName": "Great Grimsby Combined Court Centre",
    "courtField": "humbersideDFJCourt",
    "dfjArea": "HUMBERSIDE"
  },
  {
    "courtCode": "195520",
    "courtName": "Kingston-upon-Hull Combined Court Centre",
    "courtField": "humbersideDFJCourt",
    "dfjArea": "HUMBERSIDE"
  },
  {
    "courtCode": "816875",
    "courtName": "Chelmsford Justice Centre",
    "courtField": "essexAndSuffolkDFJCourt",
    "dfjArea": "ESSEX_AND_SUFFOLK"
  },
  {
    "courtCode": "41047",
    "courtName": "Wolverhampton Combined Court Centre",
    "courtField": "wolverhamptonDFJCourt",
    "dfjArea": "WOLVERHAMPTON"
  },
  {
    "courtCode": "471349",
    "courtName": "Ipswich County Court and Family Hearing Centre",
    "courtField": "essexAndSuffolkDFJCourt",
    "dfjArea": "ESSEX_AND_SUFFOLK"
  },
  {
    "courtCode": "257431",
    "courtName": "Bury St Edmunds County Court and Family Court",
    "courtField": "essexAndSuffolkDFJCourt",
    "dfjArea": "ESSEX_AND_SUFFOLK"
  },
  {
    "courtCode": "781139",
    "courtName": "Southend Combined - Crown, Mags, County and Family Courts",
    "courtField": "essexAndSuffolkDFJCourt",
    "dfjArea": "ESSEX_AND_SUFFOLK"
  },
  {
    "courtCode": "177463",
    "courtName": "Walsall County and Family Court",
    "courtField": "wolverhamptonDFJCourt",
    "dfjArea": "WOLVERHAMPTON"
  },
  {
    "courtCode": "758998",
    "courtName": "Dudley Magistrates Court",
    "courtField": "wolverhamptonDFJCourt",
    "dfjArea": "WOLVERHAMPTON"
  },
  {
    "courtCode": "292771",
    "courtName": "Telford Magistrates Court",
    "courtField": "wolverhamptonDFJCourt",
    "dfjArea": "WOLVERHAMPTON"
  }
]
