[
  {
    "email": "prl_courtadminleader11_swansea@justice.gov.uk",
    "id": "0b92e64e-acb5-49bb-9410-37f47bf83e93",
    "roleAssignments": [
      {
        "roleType": "ORGANISATION",
        "roleName": "case-allocator",
        "grantType": "STANDARD",
        "roleCategory": "ADMIN",
        "classification": "PUBLIC",
        "readOnly": false,
        "attributes": {
          "region": "7",
          "substantive": "N",
          "jurisdiction": "PRIVATELAW",
          "primaryLocation": "234946"
        },
        "authorisations": [
          "SKILL:ABA5:CHECKAPPLICATIONC100",
          "SKILL:ABA5:SERVEAPPLICATIONC100",
          "SKILL:ABA5:HEARINGMANAGEMENTC100",
          "SKILL:ABA5:ORDERMANAGEMENTC100",
          "SKILL:ABA5:REVIEWCORRESPONDENCEC100",
          "SKILL:ABA5:CHECKAPPLICATIONFL401",
          "SKILL:ABA5:SERVEAPPLICATIONFL401",
          "SKILL:ABA5:HEARINGMANAGEMENTFL401",
          "SKILL:ABA5:ORDERMANAGEMENTFL401",
          "SKILL:ABA5:REVIEWCORRESPONDENCEFL401",
          "SKILL:ABA5:GATEKEEPING"
        ]
      },
      {
        "roleType": "ORGANISATION",
        "roleName": "case-allocator",
        "grantType": "STANDARD",
        "roleCategory": "CTSC",
        "classification": "PUBLIC",
        "readOnly": false,
        "attributes": {
          "substantive": "N",
          "jurisdiction": "PRIVATELAW",
          "primaryLocation": "234946"
        },
        "authorisations": [
          "SKILL:ABA5:CHECKAPPLICATIONC100",
          "SKILL:ABA5:SERVEAPPLICATIONC100",
          "SKILL:ABA5:HEARINGMANAGEMENTC100",
          "SKILL:ABA5:ORDERMANAGEMENTC100",
          "SKILL:ABA5:REVIEWCORRESPONDENCEC100",
          "SKILL:ABA5:CHECKAPPLICATIONFL401",
          "SKILL:ABA5:SERVEAPPLICATIONFL401",
          "SKILL:ABA5:HEARINGMANAGEMENTFL401",
          "SKILL:ABA5:ORDERMANAGEMENTFL401",
          "SKILL:ABA5:REVIEWCORRESPONDENCEFL401",
          "SKILL:ABA5:GATEKEEPING"
        ]
      },
      {
        "roleType": "ORGANISATION",
        "roleName": "ctsc",
        "grantType": "STANDARD",
        "roleCategory": "CTSC",
        "classification": "PUBLIC",
        "readOnly": false,
        "attributes": {
          "workTypes": "routine_work,hearing_work,applications",
          "substantive": "Y",
          "jurisdiction": "PRIVATELAW",
          "primaryLocation": "234946"
        },
        "authorisations": [
          "SKILL:ABA5:CHECKAPPLICATIONC100",
          "SKILL:ABA5:SERVEAPPLICATIONC100",
          "SKILL:ABA5:HEARINGMANAGEMENTC100",
          "SKILL:ABA5:ORDERMANAGEMENTC100",
          "SKILL:ABA5:REVIEWCORRESPONDENCEC100",
          "SKILL:ABA5:CHECKAPPLICATIONFL401",
          "SKILL:ABA5:SERVEAPPLICATIONFL401",
          "SKILL:ABA5:HEARINGMANAGEMENTFL401",
          "SKILL:ABA5:ORDERMANAGEMENTFL401",
          "SKILL:ABA5:REVIEWCORRESPONDENCEFL401",
          "SKILL:ABA5:GATEKEEPING"
        ]
      },
      {
        "roleType": "ORGANISATION",
        "roleName": "ctsc-team-leader",
        "grantType": "STANDARD",
        "roleCategory": "CTSC",
        "classification": "PUBLIC",
        "readOnly": false,
        "attributes": {
          "workTypes": "routine_work,hearing_work,applications",
          "substantive": "Y",
          "jurisdiction": "PRIVATELAW",
          "primaryLocation": "234946"
        },
        "authorisations": [
          "SKILL:ABA5:CHECKAPPLICATIONC100",
          "SKILL:ABA5:SERVEAPPLICATIONC100",
          "SKILL:ABA5:HEARINGMANAGEMENTC100",
          "SKILL:ABA5:ORDERMANAGEMENTC100",
          "SKILL:ABA5:REVIEWCORRESPONDENCEC100",
          "SKILL:ABA5:CHECKAPPLICATIONFL401",
          "SKILL:ABA5:SERVEAPPLICATIONFL401",
          "SKILL:ABA5:HEARINGMANAGEMENTFL401",
          "SKILL:ABA5:ORDERMANAGEMENTFL401",
          "SKILL:ABA5:REVIEWCORRESPONDENCEFL401",
          "SKILL:ABA5:GATEKEEPING"
        ]
      },
      {
        "roleType": "ORGANISATION",
        "roleName": "hearing-centre-admin",
        "grantType": "STANDARD",
        "roleCategory": "ADMIN",
        "classification": "PUBLIC",
        "readOnly": false,
        "attributes": {
          "region": "7",
          "workTypes": "routine_work,hearing_work,applications",
          "substantive": "Y",
          "jurisdiction": "PRIVATELAW",
          "primaryLocation": "234946"
        },
        "authorisations": [
          "SKILL:ABA5:CHECKAPPLICATIONC100",
          "SKILL:ABA5:SERVEAPPLICATIONC100",
          "SKILL:ABA5:HEARINGMANAGEMENTC100",
          "SKILL:ABA5:ORDERMANAGEMENTC100",
          "SKILL:ABA5:REVIEWCORRESPONDENCEC100",
          "SKILL:ABA5:CHECKAPPLICATIONFL401",
          "SKILL:ABA5:SERVEAPPLICATIONFL401",
          "SKILL:ABA5:HEARINGMANAGEMENTFL401",
          "SKILL:ABA5:ORDERMANAGEMENTFL401",
          "SKILL:ABA5:REVIEWCORRESPONDENCEFL401",
          "SKILL:ABA5:GATEKEEPING"
        ]
      },
      {
        "roleType": "ORGANISATION",
        "roleName": "hearing-centre-team-leader",
        "grantType": "STANDARD",
        "roleCategory": "ADMIN",
        "classification": "PUBLIC",
        "readOnly": false,
        "attributes": {
          "region": "7",
          "workTypes": "routine_work,hearing_work,applications",
          "substantive": "Y",
          "jurisdiction": "PRIVATELAW",
          "primaryLocation": "234946"
        },
        "authorisations": [
          "SKILL:ABA5:CHECKAPPLICATIONC100",
          "SKILL:ABA5:SERVEAPPLICATIONC100",
          "SKILL:ABA5:HEARINGMANAGEMENTC100",
          "SKILL:ABA5:ORDERMANAGEMENTC100",
          "SKILL:ABA5:REVIEWCORRESPONDENCEC100",
          "SKILL:ABA5:CHECKAPPLICATIONFL401",
          "SKILL:ABA5:SERVEAPPLICATIONFL401",
          "SKILL:ABA5:HEARINGMANAGEMENTFL401",
          "SKILL:ABA5:ORDERMANAGEMENTFL401",
          "SKILL:ABA5:REVIEWCORRESPONDENCEFL401",
          "SKILL:ABA5:GATEKEEPING"
        ]
      },
      {
        "roleType": "ORGANISATION",
        "roleName": "specific-access-approver-admin",
        "grantType": "STANDARD",
        "roleCategory": "ADMIN",
        "classification": "PUBLIC",
        "readOnly": false,
        "attributes": {
          "region": "7",
          "workTypes": "access_requests",
          "substantive": "N",
          "jurisdiction": "PRIVATELAW",
          "primaryLocation": "234946"
        },
        "authorisations": [
          "SKILL:ABA5:CHECKAPPLICATIONC100",
          "SKILL:ABA5:SERVEAPPLICATIONC100",
          "SKILL:ABA5:HEARINGMANAGEMENTC100",
          "SKILL:ABA5:ORDERMANAGEMENTC100",
          "SKILL:ABA5:REVIEWCORRESPONDENCEC100",
          "SKILL:ABA5:CHECKAPPLICATIONFL401",
          "SKILL:ABA5:SERVEAPPLICATIONFL401",
          "SKILL:ABA5:HEARINGMANAGEMENTFL401",
          "SKILL:ABA5:ORDERMANAGEMENTFL401",
          "SKILL:ABA5:REVIEWCORRESPONDENCEFL401",
          "SKILL:ABA5:GATEKEEPING"
        ]
      },
      {
        "roleType": "ORGANISATION",
        "roleName": "specific-access-approver-ctsc",
        "grantType": "STANDARD",
        "roleCategory": "CTSC",
        "classification": "PUBLIC",
        "readOnly": false,
        "attributes": {
          "workTypes": "access_requests",
          "substantive": "N",
          "jurisdiction": "PRIVATELAW",
          "primaryLocation": "234946"
        },
        "authorisations": [
          "SKILL:ABA5:CHECKAPPLICATIONC100",
          "SKILL:ABA5:SERVEAPPLICATIONC100",
          "SKILL:ABA5:HEARINGMANAGEMENTC100",
          "SKILL:ABA5:ORDERMANAGEMENTC100",
          "SKILL:ABA5:REVIEWCORRESPONDENCEC100",
          "SKILL:ABA5:CHECKAPPLICATIONFL401",
          "SKILL:ABA5:SERVEAPPLICATIONFL401",
          "SKILL:ABA5:HEARINGMANAGEMENTFL401",
          "SKILL:ABA5:ORDERMANAGEMENTFL401",
          "SKILL:ABA5:REVIEWCORRESPONDENCEFL401",
          "SKILL:ABA5:GATEKEEPING"
        ]
      },
      {
        "roleType": "ORGANISATION",
        "roleName": "task-supervisor",
        "grantType": "STANDARD",
        "roleCategory": "ADMIN",
        "classification": "PUBLIC",
        "readOnly": false,
        "attributes": {
          "region": "7",
          "workTypes": "routine_work,hearing_work,applications",
          "substantive": "N",
          "jurisdiction": "PRIVATELAW",
          "primaryLocation": "234946"
        },
        "authorisations": [
          "SKILL:ABA5:CHECKAPPLICATIONC100",
          "SKILL:ABA5:SERVEAPPLICATIONC100",
          "SKILL:ABA5:HEARINGMANAGEMENTC100",
          "SKILL:ABA5:ORDERMANAGEMENTC100",
          "SKILL:ABA5:REVIEWCORRESPONDENCEC100",
          "SKILL:ABA5:CHECKAPPLICATIONFL401",
          "SKILL:ABA5:SERVEAPPLICATIONFL401",
          "SKILL:ABA5:HEARINGMANAGEMENTFL401",
          "SKILL:ABA5:ORDERMANAGEMENTFL401",
          "SKILL:ABA5:REVIEWCORRESPONDENCEFL401",
          "SKILL:ABA5:GATEKEEPING"
        ]
      },
      {
        "roleType": "ORGANISATION",
        "roleName": "task-supervisor",
        "grantType": "STANDARD",
        "roleCategory": "CTSC",
        "classification": "PUBLIC",
        "readOnly": false,
        "attributes": {
          "workTypes": "routine_work,hearing_work,applications",
          "substantive": "N",
          "jurisdiction": "PRIVATELAW",
          "primaryLocation": "234946"
        },
        "authorisations": [
          "SKILL:ABA5:CHECKAPPLICATIONC100",
          "SKILL:ABA5:SERVEAPPLICATIONC100",
          "SKILL:ABA5:HEARINGMANAGEMENTC100",
          "SKILL:ABA5:ORDERMANAGEMENTC100",
          "SKILL:ABA5:REVIEWCORRESPONDENCEC100",
          "SKILL:ABA5:CHECKAPPLICATIONFL401",
          "SKILL:ABA5:SERVEAPPLICATIONFL401",
          "SKILL:ABA5:HEARINGMANAGEMENTFL401",
          "SKILL:ABA5:ORDERMANAGEMENTFL401",
          "SKILL:ABA5:REVIEWCORRESPONDENCEFL401",
          "SKILL:ABA5:GATEKEEPING"
        ]
      },
      {
        "roleType": "ORGANISATION",
        "roleName": "hearing-manager",
        "grantType": "STANDARD",
        "roleCategory": "CTSC",
        "classification": "PUBLIC",
        "readOnly": false,
        "attributes": {
          "substantive": "N",
          "jurisdiction": "PRIVATELAW",
          "primaryLocation": "234946"
        },
        "authorisations": []
      },
      {
        "roleType": "ORGANISATION",
        "roleName": "hearing-manager",
        "grantType": "STANDARD",
        "roleCategory": "ADMIN",
        "classification": "PUBLIC",
        "readOnly": false,
        "attributes": {
          "substantive": "N",
          "jurisdiction": "PRIVATELAW",
          "primaryLocation": "234946"
        },
        "authorisations": []
      },
      {
        "roleType": "ORGANISATION",
        "roleName": "hearing-viewer",
        "grantType": "STANDARD",
        "roleCategory": "ADMIN",
        "classification": "PUBLIC",
        "readOnly": false,
        "attributes": {
          "substantive": "N",
          "jurisdiction": "PRIVATELAW",
          "primaryLocation": "234946"
        },
        "authorisations": []
      },
      {
        "roleType": "ORGANISATION",
        "roleName": "hearing-viewer",
        "grantType": "STANDARD",
        "roleCategory": "CTSC",
        "classification": "PUBLIC",
        "readOnly": false,
        "attributes": {
          "substantive": "N",
          "jurisdiction": "PRIVATELAW",
          "primaryLocation": "234946"
        },
        "authorisations": []
      },
      {
        "roleType": "ORGANISATION",
        "roleName": "hmcts-admin",
        "grantType": "BASIC",
        "roleCategory": "ADMIN",
        "classification": "PRIVATE",
        "readOnly": true,
        "attributes": {
          "substantive": "N"
        },
        "authorisations": []
      },
      {
        "roleType": "ORGANISATION",
        "roleName": "hmcts-ctsc",
        "grantType": "BASIC",
        "roleCategory": "CTSC",
        "classification": "PRIVATE",
        "readOnly": true,
        "attributes": {
          "substantive": "N"
        },
        "authorisations": []
      }
    ],
    "overrideAll": true
  },
  {
    "email": "HHJ.Elizabeth.Williams@ejudiciary.net",
    "id": "bbd10203-ef29-40c5-bfa6-d36096410328",
    "roleAssignments": [
      {
        "roleType": "ORGANISATION",
        "roleName": "hmcts-judiciary",
        "grantType": "BASIC",
        "roleCategory": "JUDICIAL",
        "classification": "PRIVATE",
        "readOnly": true,
        "attributes": {
          "substantive": "N"
        },
        "authorisations": []
      },
      {
        "roleType": "ORGANISATION",
        "roleName": "hmcts-judiciary",
        "grantType": "BASIC",
        "roleCategory": "JUDICIAL",
        "classification": "PRIVATE",
        "readOnly": true,
        "attributes": {
          "substantive": "N",
          "contractType": "Salaried"
        },
        "authorisations": []
      },
      {
        "roleType": "ORGANISATION",
        "roleName": "hearing-viewer",
        "grantType": "STANDARD",
        "roleCategory": "JUDICIAL",
        "classification": "PUBLIC",
        "readOnly": false,
        "attributes": {
          "substantive": "N",
          "jurisdiction": "PRIVATELAW",
          "primaryLocation": "234850"
        },
        "authorisations": [
          "289",
          "294",
          "313",
          "315",
          "316"
        ]
      },
      {
        "roleType": "ORGANISATION",
        "roleName": "circuit-judge",
        "grantType": "STANDARD",
        "roleCategory": "JUDICIAL",
        "classification": "PUBLIC",
        "readOnly": false,
        "attributes": {
          "region": "7",
          "workTypes": "hearing_work,decision_making_work,applications",
          "substantive": "Y",
          "contractType": "Salaried",
          "jurisdiction": "PRIVATELAW",
          "primaryLocation": "234850"
        },
        "authorisations": [
          "289",
          "294",
          "313",
          "315",
          "316"
        ]
      },
      {
        "roleType": "ORGANISATION",
        "roleName": "judge",
        "grantType": "STANDARD",
        "roleCategory": "JUDICIAL",
        "classification": "PUBLIC",
        "readOnly": false,
        "attributes": {
          "region": "7",
          "workTypes": "hearing_work,decision_making_work,applications",
          "substantive": "Y",
          "contractType": "Salaried",
          "jurisdiction": "PRIVATELAW",
          "primaryLocation": "234850"
        },
        "authorisations": [
          "289",
          "294",
          "313",
          "315",
          "316"
        ]
      }
    ],
    "overrideAll": true
  },
  {
    "email": "prl_aat_am_swansea_hca@justice.gov.uk",
    "id": "930a5478-3b1d-4fed-bf9d-fdfb2f9e9eaf",
    "roleAssignments": [
      {
        "roleType": "ORGANISATION",
        "roleName": "hearing-centre-admin",
        "grantType": "STANDARD",
        "roleCategory": "ADMIN",
        "classification": "PUBLIC",
        "readOnly": false,
        "attributes": {
          "region": "7",
          "workTypes": "routine_work,hearing_work,applications",
          "substantive": "Y",
          "jurisdiction": "PRIVATELAW",
          "primaryLocation": "234946"
        },
        "authorisations": [
          "SKILL:ABA5:CHECKAPPLICATIONC100",
          "SKILL:ABA5:SERVEAPPLICATIONC100",
          "SKILL:ABA5:HEARINGMANAGEMENTC100",
          "SKILL:ABA5:ORDERMANAGEMENTC100",
          "SKILL:ABA5:REVIEWCORRESPONDENCEC100",
          "SKILL:ABA5:CHECKAPPLICATIONFL401",
          "SKILL:ABA5:SERVEAPPLICATIONFL401",
          "SKILL:ABA5:HEARINGMANAGEMENTFL401",
          "SKILL:ABA5:ORDERMANAGEMENTFL401",
          "SKILL:ABA5:REVIEWCORRESPONDENCEFL401",
          "SKILL:ABA5:GATEKEEPING",
          "SKILL:ABA5:GATEKEEPINGC100",
          "SKILL:ABA5:GATEKEEPINGFL401"
        ]
      },
      {
        "roleType": "ORGANISATION",
        "roleName": "hearing-manager",
        "grantType": "STANDARD",
        "roleCategory": "ADMIN",
        "classification": "PUBLIC",
        "readOnly": false,
        "attributes": {
          "substantive": "N",
          "jurisdiction": "PRIVATELAW",
          "primaryLocation": "234946"
        },
        "authorisations": []
      },
      {
        "roleType": "ORGANISATION",
        "roleName": "hearing-viewer",
        "grantType": "STANDARD",
        "roleCategory": "ADMIN",
        "classification": "PUBLIC",
        "readOnly": false,
        "attributes": {
          "substantive": "N",
          "jurisdiction": "PRIVATELAW",
          "primaryLocation": "234946"
        },
        "authorisations": []
      },
      {
        "roleType": "ORGANISATION",
        "roleName": "hmcts-admin",
        "grantType": "BASIC",
        "roleCategory": "ADMIN",
        "classification": "PRIVATE",
        "readOnly": true,
        "attributes": {
          "substantive": "N"
        },
        "authorisations": []
      }
    ],
    "overrideAll": true
  },
  {
    "email": "prl_ctscadmin24_stoke@justice.gov.uk",
    "id": "b8bd6e3d-6e0a-42d5-ac22-22fad14ad7ca",
    "roleAssignments": [
      {
        "roleType": "ORGANISATION",
        "roleName": "ctsc",
        "grantType": "STANDARD",
        "roleCategory": "CTSC",
        "classification": "PUBLIC",
        "readOnly": false,
        "attributes": {
          "workTypes": "routine_work,hearing_work,applications",
          "substantive": "Y",
          "jurisdiction": "PRIVATELAW",
          "primaryLocation": "195496"
        },
        "authorisations": [
          "SKILL:ABA5:CHECKAPPLICATIONC100",
          "SKILL:ABA5:CHECKAPPLICATIONFL401"
        ]
      },
      {
        "roleType": "ORGANISATION",
        "roleName": "ctsc-team-leader",
        "grantType": "STANDARD",
        "roleCategory": "CTSC",
        "classification": "PUBLIC",
        "readOnly": false,
        "attributes": {
          "workTypes": "routine_work,hearing_work,applications",
          "substantive": "Y",
          "jurisdiction": "PRIVATELAW",
          "primaryLocation": "195496"
        },
        "authorisations": [
          "SKILL:ABA5:CHECKAPPLICATIONC100",
          "SKILL:ABA5:CHECKAPPLICATIONFL401"
        ]
      },
      {
        "roleType": "ORGANISATION",
        "roleName": "hearing-manager",
        "grantType": "STANDARD",
        "roleCategory": "CTSC",
        "classification": "PUBLIC",
        "readOnly": false,
        "attributes": {
          "substantive": "N",
          "jurisdiction": "PRIVATELAW",
          "primaryLocation": "195496"
        },
        "authorisations": []
      },
      {
        "roleType": "ORGANISATION",
        "roleName": "hearing-viewer",
        "grantType": "STANDARD",
        "roleCategory": "CTSC",
        "classification": "PUBLIC",
        "readOnly": false,
        "attributes": {
          "substantive": "N",
          "jurisdiction": "PRIVATELAW",
          "primaryLocation": "195496"
        },
        "authorisations": []
      },
      {
        "roleType": "ORGANISATION",
        "roleName": "hmcts-ctsc",
        "grantType": "BASIC",
        "roleCategory": "CTSC",
        "classification": "PRIVATE",
        "readOnly": true,
        "attributes": {
          "substantive": "N"
        },
        "authorisations": []
      },
      {
        "roleType": "ORGANISATION",
        "roleName": "specific-access-approver-ctsc",
        "grantType": "STANDARD",
        "roleCategory": "CTSC",
        "classification": "PUBLIC",
        "readOnly": false,
        "attributes": {
          "workTypes": "access_requests",
          "substantive": "N",
          "jurisdiction": "PRIVATELAW",
          "primaryLocation": "195496"
        },
        "authorisations": [
          "SKILL:ABA5:CHECKAPPLICATIONC100",
          "SKILL:ABA5:CHECKAPPLICATIONFL401"
        ]
      },
      {
        "roleType": "ORGANISATION",
        "roleName": "task-supervisor",
        "grantType": "STANDARD",
        "roleCategory": "CTSC",
        "classification": "PUBLIC",
        "readOnly": false,
        "attributes": {
          "workTypes": "routine_work,hearing_work,applications",
          "substantive": "N",
          "jurisdiction": "PRIVATELAW",
          "primaryLocation": "195496"
        },
        "authorisations": [
          "SKILL:ABA5:CHECKAPPLICATIONC100",
          "SKILL:ABA5:CHECKAPPLICATIONFL401"
        ]
      }
    ],
    "overrideAll": true
  },
  {
    "email": "prl_case_manager_swansea@justice.gov.uk",
    "id": "14dd3aff-02da-46e6-acb3-a2c8756b0bd3",
    "roleAssignments": [
      {
        "roleType": "ORGANISATION",
        "roleName": "hearing-centre-admin",
        "grantType": "STANDARD",
        "roleCategory": "ADMIN",
        "classification": "PUBLIC",
        "readOnly": false,
        "attributes": {
          "region": "7",
          "workTypes": "routine_work,hearing_work,applications",
          "substantive": "Y",
          "jurisdiction": "PRIVATELAW",
          "primaryLocation": "234946"
        },
        "authorisations": [
          "SKILL:ABA5:SERVEAPPLICATIONC100",
          "SKILL:ABA5:HEARINGMANAGEMENTC100",
          "SKILL:ABA5:ORDERMANAGEMENTC100",
          "SKILL:ABA5:REVIEWCORRESPONDENCEC100",
          "SKILL:ABA5:SERVEAPPLICATIONFL401",
          "SKILL:ABA5:HEARINGMANAGEMENTFL401",
          "SKILL:ABA5:ORDERMANAGEMENTFL401",
          "SKILL:ABA5:REVIEWCORRESPONDENCEFL401"
        ]
      },
      {
        "roleType": "ORGANISATION",
        "roleName": "hearing-centre-team-leader",
        "grantType": "STANDARD",
        "roleCategory": "ADMIN",
        "classification": "PUBLIC",
        "readOnly": false,
        "attributes": {
          "region": "7",
          "workTypes": "routine_work,hearing_work,applications",
          "substantive": "Y",
          "jurisdiction": "PRIVATELAW",
          "primaryLocation": "234946"
        },
        "authorisations": [
          "SKILL:ABA5:SERVEAPPLICATIONC100",
          "SKILL:ABA5:HEARINGMANAGEMENTC100",
          "SKILL:ABA5:ORDERMANAGEMENTC100",
          "SKILL:ABA5:REVIEWCORRESPONDENCEC100",
          "SKILL:ABA5:SERVEAPPLICATIONFL401",
          "SKILL:ABA5:HEARINGMANAGEMENTFL401",
          "SKILL:ABA5:ORDERMANAGEMENTFL401",
          "SKILL:ABA5:REVIEWCORRESPONDENCEFL401"
        ]
      },
      {
        "roleType": "ORGANISATION",
        "roleName": "hearing-manager",
        "grantType": "STANDARD",
        "roleCategory": "ADMIN",
        "classification": "PUBLIC",
        "readOnly": false,
        "attributes": {
          "substantive": "N",
          "jurisdiction": "PRIVATELAW",
          "primaryLocation": "234946"
        },
        "authorisations": []
      },
      {
        "roleType": "ORGANISATION",
        "roleName": "hearing-viewer",
        "grantType": "STANDARD",
        "roleCategory": "ADMIN",
        "classification": "PUBLIC",
        "readOnly": false,
        "attributes": {
          "substantive": "N",
          "jurisdiction": "PRIVATELAW",
          "primaryLocation": "234946"
        },
        "authorisations": []
      },
      {
        "roleType": "ORGANISATION",
        "roleName": "hmcts-admin",
        "grantType": "BASIC",
        "roleCategory": "ADMIN",
        "classification": "PRIVATE",
        "readOnly": true,
        "attributes": {
          "substantive": "N"
        },
        "authorisations": []
      },
      {
        "roleType": "ORGANISATION",
        "roleName": "specific-access-approver-admin",
        "grantType": "STANDARD",
        "roleCategory": "ADMIN",
        "classification": "PUBLIC",
        "readOnly": false,
        "attributes": {
          "region": "7",
          "workTypes": "access_requests",
          "substantive": "N",
          "jurisdiction": "PRIVATELAW",
          "primaryLocation": "234946"
        },
        "authorisations": [
          "SKILL:ABA5:SERVEAPPLICATIONC100",
          "SKILL:ABA5:HEARINGMANAGEMENTC100",
          "SKILL:ABA5:ORDERMANAGEMENTC100",
          "SKILL:ABA5:REVIEWCORRESPONDENCEC100",
          "SKILL:ABA5:SERVEAPPLICATIONFL401",
          "SKILL:ABA5:HEARINGMANAGEMENTFL401",
          "SKILL:ABA5:ORDERMANAGEMENTFL401",
          "SKILL:ABA5:REVIEWCORRESPONDENCEFL401"
        ]
      },
      {
        "roleType": "ORGANISATION",
        "roleName": "task-supervisor",
        "grantType": "STANDARD",
        "roleCategory": "ADMIN",
        "classification": "PUBLIC",
        "readOnly": false,
        "attributes": {
          "region": "7",
          "workTypes": "routine_work,hearing_work,applications",
          "substantive": "N",
          "jurisdiction": "PRIVATELAW",
          "primaryLocation": "234946"
        },
        "authorisations": [
          "SKILL:ABA5:SERVEAPPLICATIONC100",
          "SKILL:ABA5:HEARINGMANAGEMENTC100",
          "SKILL:ABA5:ORDERMANAGEMENTC100",
          "SKILL:ABA5:REVIEWCORRESPONDENCEC100",
          "SKILL:ABA5:SERVEAPPLICATIONFL401",
          "SKILL:ABA5:HEARINGMANAGEMENTFL401",
          "SKILL:ABA5:ORDERMANAGEMENTFL401",
          "SKILL:ABA5:REVIEWCORRESPONDENCEFL401"
        ]
      }
    ],
    "overrideAll": true
  },
  {
    "email": "prl_cafcass_swansea@justice.gov.uk",
    "id": "cdfc1bb8-5d25-46f5-af58-d1cf65a0ba8b",
    "roleAssignments": [
      {
        "roleType": "ORGANISATION",
        "roleName": "caseworker-privatelaw-externaluser-viewonly",
        "grantType": "STANDARD",
        "roleCategory": "OTHER_GOV_DEPT",
        "classification": "PUBLIC",
        "readOnly": false,
        "attributes": {
          "region": "7",
          "substantive": "N",
          "jurisdiction": "PRIVATELAW"
        },
        "authorisations": []
      }
    ],
    "overrideAll": true
  },
  {
    "email": "prl_legaladvisor_swansea_three@justice.gov.uk",
    "id": "74bbedb2-27d4-4bd9-95c6-7d51ecabc803",
    "roleAssignments": [
      {
        "roleType": "ORGANISATION",
        "roleName": "hearing-manager",
        "grantType": "STANDARD",
        "roleCategory": "LEGAL_OPERATIONS",
        "classification": "PUBLIC",
        "readOnly": false,
        "attributes": {
          "substantive": "N",
          "jurisdiction": "PRIVATELAW",
          "primaryLocation": "234946"
        },
        "authorisations": []
      },
      {
        "roleType": "ORGANISATION",
        "roleName": "hearing-viewer",
        "grantType": "STANDARD",
        "roleCategory": "LEGAL_OPERATIONS",
        "classification": "PUBLIC",
        "readOnly": false,
        "attributes": {
          "substantive": "N",
          "jurisdiction": "PRIVATELAW",
          "primaryLocation": "234946"
        },
        "authorisations": []
      },
      {
        "roleType": "ORGANISATION",
        "roleName": "hmcts-legal-operations",
        "grantType": "BASIC",
        "roleCategory": "LEGAL_OPERATIONS",
        "classification": "PRIVATE",
        "readOnly": true,
        "attributes": {
          "substantive": "N"
        },
        "authorisations": []
      },
      {
        "roleType": "ORGANISATION",
        "roleName": "tribunal-caseworker",
        "grantType": "STANDARD",
        "roleCategory": "LEGAL_OPERATIONS",
        "classification": "PUBLIC",
        "readOnly": false,
        "attributes": {
          "region": "7",
          "workTypes": "routine_work,hearing_work,applications,decision_making_work",
          "substantive": "Y",
          "jurisdiction": "PRIVATELAW",
          "primaryLocation": "234946"
        },
        "authorisations": [
          "SKILL:ABA5:ORDERMANAGEMENTC100",
          "SKILL:ABA5:ORDERMANAGEMENTFL401",
          "SKILL:ABA5:GATEKEEPING",
          "SKILL:ABA5:GATEKEEPINGC100",
          "SKILL:ABA5:GATEKEEPINGFL401"
        ]
      }
    ],
    "overrideAll": true
  },
  {
    "email": "prl-system-update@mailinator.com",
    "id": "540b6fed-6454-4ea2-bf23-06ab4b113e2f",
    "roleAssignments": [
      {
        "roleType": "ORGANISATION",
        "roleName": "case-allocator",
        "grantType": "STANDARD",
        "roleCategory": "SYSTEM",
        "classification": "PUBLIC",
        "readOnly": false,
        "attributes": {
          "jurisdiction": "PRIVATELAW",
          "caseType": "PRLAPPS"
        },
        "authorisations": []
      }
    ],
    "overrideAll": true
  },
  {
    "email": "prl_legaladvisor_swansea@justice.gov.uk",
    "id": "5c1194cf-8b46-4b42-9c5d-ee686ced8b83",
    "roleAssignments": [
      {
        "id": "2007e776-cfde-4cf1-81c7-e7f3c0e7aa16",
        "actorIdType": "IDAM",
        "actorId": "5c1194cf-8b46-4b42-9c5d-ee686ced8b83",
        "roleType": "ORGANISATION",
        "roleName": "tribunal-caseworker",
        "classification": "PUBLIC",
        "grantType": "STANDARD",
        "roleCategory": "LEGAL_OPERATIONS",
        "readOnly": false,
        "created": "2024-02-14T09:00:38.638392Z",
        "attributes": {
          "substantive": "Y",
          "primaryLocation": "234946",
          "jurisdiction": "PRIVATELAW",
          "region": "7",
          "workTypes": "routine_work,hearing_work,applications,decision_making_work"
        },
        "authorisations": [
          "SKILL:ABA5:ORDERMANAGEMENTC100",
          "SKILL:ABA5:ORDERMANAGEMENTFL401",
          "SKILL:ABA5:GATEKEEPING",
          "SKILL:ABA5:GATEKEEPINGC100",
          "SKILL:ABA5:GATEKEEPINGFL401"
        ]
      },
      {
        "id": "e6a6ce5d-8d9e-4b65-8e91-27cf11cde034",
        "actorIdType": "IDAM",
        "actorId": "5c1194cf-8b46-4b42-9c5d-ee686ced8b83",
        "roleType": "ORGANISATION",
        "roleName": "hmcts-legal-operations",
        "classification": "PRIVATE",
        "grantType": "BASIC",
        "roleCategory": "LEGAL_OPERATIONS",
        "readOnly": true,
        "created": "2024-02-14T09:00:38.638392Z",
        "attributes": {
          "substantive": "N"
        }
      },
      {
        "id": "c80a0344-c4b8-4f63-9520-ed3651f2b2e5",
        "actorIdType": "IDAM",
        "actorId": "5c1194cf-8b46-4b42-9c5d-ee686ced8b83",
        "roleType": "ORGANISATION",
        "roleName": "hearing-manager",
        "classification": "PUBLIC",
        "grantType": "STANDARD",
        "roleCategory": "LEGAL_OPERATIONS",
        "readOnly": false,
        "created": "2024-02-14T09:00:38.638392Z",
        "attributes": {
          "substantive": "N",
          "primaryLocation": "234946",
          "jurisdiction": "PRIVATELAW"
        }
      },
      {
        "id": "24d2a3e5-a3a0-42fd-95f5-239b195b4857",
        "actorIdType": "IDAM",
        "actorId": "5c1194cf-8b46-4b42-9c5d-ee686ced8b83",
        "roleType": "ORGANISATION",
        "roleName": "hearing-viewer",
        "classification": "PUBLIC",
        "grantType": "STANDARD",
        "roleCategory": "LEGAL_OPERATIONS",
        "readOnly": false,
        "created": "2024-02-14T09:00:38.638392Z",
        "attributes": {
          "substantive": "N",
          "primaryLocation": "234946",
          "jurisdiction": "PRIVATELAW"
        }
      },
      {
        "id": "b5caf040-9b0e-490e-a015-478dc1adcaa2",
        "actorIdType": "IDAM",
        "actorId": "5c1194cf-8b46-4b42-9c5d-ee686ced8b83",
        "roleType": "ORGANISATION",
        "roleName": "case-allocator",
        "classification": "PUBLIC",
        "grantType": "STANDARD",
        "roleCategory": "LEGAL_OPERATIONS",
        "readOnly": false,
        "created": "2024-02-14T09:00:38.638392Z",
        "attributes": {
          "substantive": "N",
          "primaryLocation": "234946",
          "jurisdiction": "PRIVATELAW",
          "region": "7"
        },
        "authorisations": [
          "SKILL:ABA5:ORDERMANAGEMENTC100",
          "SKILL:ABA5:ORDERMANAGEMENTFL401",
          "SKILL:ABA5:GATEKEEPING",
          "SKILL:ABA5:GATEKEEPINGC100",
          "SKILL:ABA5:GATEKEEPINGFL401"
        ]
      }
    ]
  },
  {
    "email": "prl_legaladvisor_swansea_four@justice.gov.uk",
    "id": "212eee28-10d8-47a8-a472-2305a0d14bdd",
    "roleAssignments": [
      {
        "id": "a1cf8376-feea-4cd6-b84b-42926e996630",
        "actorIdType": "IDAM",
        "actorId": "212eee28-10d8-47a8-a472-2305a0d14bdd",
        "roleType": "ORGANISATION",
        "roleName": "tribunal-caseworker",
        "classification": "PUBLIC",
        "grantType": "STANDARD",
        "roleCategory": "LEGAL_OPERATIONS",
        "readOnly": false,
        "created": "2025-11-10T14:36:25.85605Z",
        "attributes": {
          "substantive": "Y",
          "primaryLocation": "234946",
          "jurisdiction": "PRIVATELAW",
          "region": "7",
          "workTypes": "routine_work,hearing_work,applications,decision_making_work"
        },
        "authorisations": [
          "SKILL:ABA5:ORDERMANAGEMENTC100",
          "SKILL:ABA5:ORDERMANAGEMENTFL401",
          "SKILL:ABA5:GATEKEEPING",
          "SKILL:ABA5:GATEKEEPINGC100",
          "SKILL:ABA5:GATEKEEPINGFL401"
        ]
      },
      {
        "id": "112c0744-60d5-4890-aefb-e8c3f28d1d38",
        "actorIdType": "IDAM",
        "actorId": "212eee28-10d8-47a8-a472-2305a0d14bdd",
        "roleType": "ORGANISATION",
        "roleName": "hmcts-legal-operations",
        "classification": "PRIVATE",
        "grantType": "BASIC",
        "roleCategory": "LEGAL_OPERATIONS",
        "readOnly": true,
        "created": "2025-11-10T14:36:25.856169Z",
        "attributes": {
          "substantive": "N"
        }
      },
      {
        "id": "5e9a13a6-a517-4fdc-9b85-30501a03d8b5",
        "actorIdType": "IDAM",
        "actorId": "212eee28-10d8-47a8-a472-2305a0d14bdd",
        "roleType": "ORGANISATION",
        "roleName": "hearing-viewer",
        "classification": "PUBLIC",
        "grantType": "STANDARD",
        "roleCategory": "LEGAL_OPERATIONS",
        "readOnly": false,
        "created": "2025-11-10T14:36:25.85618Z",
        "attributes": {
          "substantive": "N",
          "primaryLocation": "234946",
          "jurisdiction": "PRIVATELAW"
        }
      },
      {
        "id": "ee71ed05-eff1-4b80-b325-720487157541",
        "actorIdType": "IDAM",
        "actorId": "212eee28-10d8-47a8-a472-2305a0d14bdd",
        "roleType": "ORGANISATION",
        "roleName": "case-allocator",
        "classification": "PUBLIC",
        "grantType": "STANDARD",
        "roleCategory": "LEGAL_OPERATIONS",
        "readOnly": false,
        "created": "2025-11-10T14:36:25.856188Z",
        "attributes": {
          "substantive": "N",
          "primaryLocation": "234946",
          "jurisdiction": "PRIVATELAW",
          "region": "7"
        },
        "authorisations": [
          "SKILL:ABA5:ORDERMANAGEMENTC100",
          "SKILL:ABA5:ORDERMANAGEMENTFL401",
          "SKILL:ABA5:GATEKEEPING",
          "SKILL:ABA5:GATEKEEPINGC100",
          "SKILL:ABA5:GATEKEEPINGFL401"
        ]
      },
      {
        "id": "2831d379-0a44-4253-87f5-be2a8ecb2ef6",
        "actorIdType": "IDAM",
        "actorId": "212eee28-10d8-47a8-a472-2305a0d14bdd",
        "roleType": "ORGANISATION",
        "roleName": "hearing-manager",
        "classification": "PUBLIC",
        "grantType": "STANDARD",
        "roleCategory": "LEGAL_OPERATIONS",
        "readOnly": false,
        "created": "2025-11-10T14:36:25.856228Z",
        "attributes": {
          "substantive": "N",
          "primaryLocation": "234946",
          "jurisdiction": "PRIVATELAW"
        }
      }
    ]
  }
]
